fen,eval_cp
1n6/3k4/r1p1pp2/pp5r/5P2/1PP5/P3N1K1/R1B2N2 b - - 1 31,-130
r1bq1knr/pppp1ppp/2n1p3/8/1b5P/4P2N/P1PP1PP1/RNBQKB1R w KQ - 3 5,-117
rnb1kb1r/p2ppppp/2p4n/8/2BP4/B3P3/3Q1KPP/RN4NR b kq - 0 9,-538
1rb3r1/1p2kp1p/4p2n/8/5p2/NP3N2/P3P1BP/R3K2R w KQ - 1 18,291
rnb5/p1p5/8/1p1kN3/5r1p/2P5/PP2KbPP/2R3R1 w - - 0 24,-539
2k2b2/5n2/8/p1p1p1p1/5pP1/2N4P/PB1PR3/1R5K b - - 4 34,-679
4R3/5p2/7k/3p4/8/N6b/3P1K1p/7R b - - 1 33,-704
1r1qkbn1/ppp1p1p1/3p4/5b2/1P3P2/8/P1n2K1P/RNB4R w - - 0 14,-887
r1bqkbnr/pppp1p1p/n3p3/6p1/8/P4P1P/1PPPP1P1/RNBQKBNR w KQkq - 1 4,63
r7/pp1k4/n2b4/2p5/N1P1K1P1/PP1p3r/3P1P2/RNB5 b - - 4 34,606
rnb1kb1r/1p1p2pp/p3pp1n/3p4/1P1P1P2/B7/P1P1P1PP/R2QKBNR w KQkq - 0 9,541
rnbqkbnr/pp1p1p1p/2p1p1p1/8/8/4P1PP/PPPPKP2/RNBQ1BNR b kq - 0 4,87
rnbqkb1r/p1pppppp/7n/1B6/8/4PQ2/PPPP1PPP/RNB1K1NR b KQkq - 2 3,-136
r1bqkbn1/p1ppppp1/np6/7r/3P4/2N5/PPP1PP1P/R1BQKBNR w KQq - 0 5,225
r3k1nr/p5pp/n1p5/8/1P3pbP/3P4/3K1P2/8 w - - 0 33,-1054
r1bqk1r1/p1p3p1/p3p3/3p4/P3n3/3KP2P/1PPB2P1/RN1R4 w - - 0 20,-796
3qkbnr/rppbp1pp/p4p2/2QPn3/5P2/6P1/PP1PPK1P/RNB2BNR b k - 6 8,-129
2k2b2/4p1r1/p1P1p1p1/n6p/5P1P/P7/6KR/RNB3N1 w - - 1 30,614
3b3r/r1pknpp1/n7/7p/P6P/P6R/3BPPP1/RK3BN1 b - - 0 17,-123
2bk1b1r/7p/2rPp1n1/p1p2p2/5P2/4P1P1/P4K2/RN3BN1 w - - 1 24,-514
8/1k6/6P1/2R1B3/1n6/8/5N2/7K b - - 2 40,-578
rn2kb1r/1b3p2/p1p1p1p1/4Rn1p/p4P2/2P4P/1QPBP1P1/4KBNR b K - 3 19,-341
rnbqkb2/2pppppr/1p5n/p7/2P5/5P2/PP1PP1PP/RNB1KBNR w KQq - 0 5,-729
r3r3/1ppk3p/p2n1p1b/6p1/1P1P4/N4P2/P5P1/3K1N2 b - - 0 34,923
2b2k2/3p4/n7/8/p3P3/5P2/2P5/4K1RR b - - 1 34,-511
3kB3/8/5p2/3Pp3/2p1P1n1/P6p/7P/RN2K2R w KQ - 0 30,740
4k1nr/4b3/1pn3pp/p1p2p2/5P2/P6P/1K4P1/1N2R3 b - - 1 28,781
4k3/rp3p2/7P/8/1K1R3N/6r1/5P2/1N2B3 b - - 2 39,-500
1r4nr/4k3/ppp3p1/4P3/1q1P2P1/1P5N/P3R3/RN3K2 w - - 1 35,-595
rnbqk1nr/pppppp1p/8/8/5p2/7N/PPPPPK1P/RNBQ1B1R b kq - 1 6,33
r1bqkbnr/p1pppppp/p7/8/4P3/N7/PPPP1PPP/R1BQK1NR b KQkq - 1 3,-7
r1b5/1k1p2p1/n1p5/5PQ1/p2P4/2P4P/1P4P1/1R2KB1R b - - 0 26,-915
r1b1k1nr/p1pp1p1p/n7/4p1p1/4B3/2N4P/1PPPPP2/2BQK1R1 b kq - 0 9,-618
rnbqkb1r/1pppnppp/p3p3/8/1P1P2P1/8/P1P1PP1P/RNBQKBNR w KQkq - 1 4,-29
rnbqkbnr/3ppppp/1pp5/p7/2P3P1/1P3P2/P2PP2P/RNBQKBNR b KQkq - 0 4,203
2b1k3/8/1p2p3/r2pB1P1/p6P/3P4/P1PR3R/3K4 w - - 2 33,623
r2qkbnr/p1p1p3/np1p1pp1/7p/2PPP3/1P3P1P/P3N2P/RNBKQB1R w kq - 0 13,673
r1bqk1n1/2pnpp1r/1p6/p5P1/3bP3/1PN5/P1PP1PP1/R1BQK1N1 w Qq - 0 9,-445
rnb5/pp3p2/2p4k/3p4/8/1P2P3/3P1P1b/4KBN1 w - - 0 27,-682
8/p7/8/2p1p2p/p5k1/P2PP3/7P/1R2KB2 w - - 0 34,725
7r/2p1Bp1p/r3k3/p7/7P/P2P2PK/P1P2P2/R7 w - - 0 27,62
r1bqkbnr/pp1pp1pp/n4p2/2p5/5P2/PP3N2/2PPP1PP/RNBQKB1R w KQkq - 1 5,147
3k4/2p5/2n1b2p/1p5P/4P1P1/7N/7R/7K w - - 0 31,365
rnbqkb1r/pppppp1p/7n/6p1/N7/8/PPPPPPPP/R1BQKBNR w KQkq - 0 3,163
r2k4/8/1pp3p1/p3P3/4P3/1P3K1b/2p5/8 b - - 0 34,899
B2k2r1/3p2p1/8/p1b5/5pP1/P7/R7/1N2K3 w - - 0 41,216
rnbqkbnr/2pppppp/pp6/8/6P1/2N4P/PPPPPP2/R1BQKBNR b KQkq - 0 3,29
r1bqkbnr/1pppp1pp/2n5/p4p2/8/N3PN1P/PPPP1PP1/R1BQKB1R b KQkq - 0 4,20
r2r4/5k1p/8/p3PppP/P7/1P2P3/2PB2P1/RN1K3R w - - 0 32,820
rnbqkbnr/pppppp2/6pp/8/8/6P1/PPPPPP1P/RNBQKBNR b KQkq - 1 3,24
1n4k1/6p1/2p1b1n1/8/8/1P2P1Pr/4K2P/3R4 w - - 0 31,-551
1n4n1/1b1pb2r/1p3p2/2p2k1p/2P5/1P2P3/r3N1PP/1RB1KBR1 w - - 0 22,-83
1nb1kb1r/rp1pppp1/5n1p/p3N3/2P4P/2N3P1/P1PPPK2/R1BQ1BR1 b k - 0 9,-607
rnbqkbnr/pppp1p1p/6p1/8/2P2pP1/8/PP1PP2P/RNBQKBNR w KQkq - 0 4,-136
rnbqkb1r/p1pppppp/1p3n2/8/8/P1N5/1PPPPPPP/R1BQKBNR w KQkq - 0 3,146
8/nrpp3p/1p3b1P/5P2/pPP3R1/P3KP2/2k5/8 w - - 1 39,-556
rnbqkbnr/1pppp3/p6p/6p1/3P1p2/P1N5/1PPKPPPP/R1BQ1BNR w kq - 0 6,201
r1bqkb1r/1ppppppp/2n5/p7/4n3/P7/1PPPNPPP/RNBQKBR1 w Qkq - 0 5,-222
4r3/2pk2r1/pp5p/5p2/1P5P/2PP4/P7/RN3K1R b - - 0 33,-102
rn2kb1r/1b1ppp2/6pn/1p2N1p1/p1p5/P3P2B/1PPP1P1R/RNBQ1K2 b kq - 3 13,-526
2b1kbnr/rp2p1pp/2p5/2Pp1p2/8/2P3P1/1P2PPBP/1NBQK1NR b k - 0 10,-489
1r3n2/2p5/3n2k1/8/1b6/1P6/8/2K5 w - - 1 38,-702
4k1nr/2p1b3/3p3p/p1p5/P5p1/R3P1P1/1B1K3P/8 b - - 2 38,565
r1bqkbr1/1pp2ppp/n2pp2n/p7/P4PP1/1PP5/3PPK1P/RNBQ1BNR w q - 1 9,-18
5k1r/6p1/3p1r2/p7/P2P4/3P1P2/1N1K2BP/6NR w - - 4 32,567
7N/k7/7p/K3p3/1B4P1/4P2P/1PP3PR/1N6 b - - 6 38,-888
r1bq3r/pppnkpp1/2n5/4P2p/8/2K3P1/PPP1PP1P/R1B2BNR w - - 0 9,-730
2b2bnr/1q1kp2p/1ppp3P/5p2/8/3P1P2/RPPP3R/2BQKBN1 w - - 1 15,549
8/4p3/3p4/1k3p2/8/6K1/4NP1P/6R1 w - - 2 40,795
8/1B2n1k1/5p2/8/3P4/7N/2P5/B1N2K2 b - - 7 36,-731
1r2nr2/5k1p/p1P2p2/P3p2P/P7/2P5/2R1KPP1/1N4N1 w - - 3 28,-129
2rq1bnN/1pp1p2p/p7/2k3p1/6P1/2P1P1RP/PP2P3/1N2K3 w - - 4 19,-527
r1b1kb1Q/1pqp1p1p/n1p5/p3p3/2P5/4P3/PP1P1P1P/RNBQKBNR b KQq - 0 7,-741
1nb1k3/rpp1p3/8/7p/1P3P1P/2pP2P1/4N1R1/3K4 b - - 0 30,571
r1bqkbnr/pp2pppp/n7/2pp4/P7/5N2/RPPPPPPP/1NBQKB1R w Kkq - 2 4,-12
3r4/1b2kp2/8/4P2R/6P1/PP2p3/1R6/1Q2K3 w - - 0 36,700
1r2k3/1n6/p3pBN1/3p2p1/1P2p3/P7/2R5/1N1K4 b - - 2 38,-431
8/p4p2/b2rr2p/k7/2p4P/P4P2/5K2/8 w - - 2 41,-830
4q3/3n2k1/3p4/1p2p1B1/4P3/8/4N1N1/3K1B2 w - - 2 39,-238
r3kn1r/pp6/8/2p2bP1/3q4/2b2KP1/2P2PB1/2R5 w kq - 6 29,-1125
2r4r/2p2k1p/4nP2/2q5/2b1P3/7P/4RPP1/1N2K1R1 w - - 0 32,-665
rn2kbnr/2p2pp1/4p3/pb5p/4P3/P3K1P1/1PP4P/R1B3NR w - - 3 20,-705
1rbqkbnr/pppppppp/2n5/8/7P/N4N2/PPPPPPP1/R1BQKB1R b KQk - 0 3,59
2r5/2p2k2/Bp5n/3p4/3P4/5P1P/P1PKN3/4Q3 b - - 2 30,-645
r1r5/1p4p1/1P1p3k/p1pp1P2/7P/4K3/5P2/5b2 w - - 1 39,-788
2bNk3/2Bp4/8/3B1p2/3r1P1b/1P1P3P/P1K5/R7 w - - 5 36,451
rnbqkb1r/p1ppppp1/1p6/3P3p/8/2N4P/PPPQPKP1/R1B2BNR b kq - 0 6,-437
7r/pP1k3p/6pb/8/P7/8/2n5/1N4K1 w - - 1 40,-789
rnbqkbnr/pppppp1p/6p1/8/4P3/P4B2/1PPP1PPP/RNBQ1KNR w kq - 3 6,50
5b2/4p1p1/3p1p2/2p5/p7/P3k3/8/3K4 w - - 0 40,-736
1nb2k2/r2p3r/p2b1np1/1pp5/6p1/3PP3/P1P3K1/R5N1 w - - 0 26,-1020
8/4k3/np6/2p2p2/6p1/1PP5/6PP/2N1K1R1 w - - 0 30,623
r1bqkbnr/p1pn2pp/3p1p2/1p2p3/4B1P1/3P1N2/PPP1PP1P/RNBQK2R b KQkq - 1 6,51
N1b1k2r/3pq2p/p1p5/4p1p1/6P1/3P1P1P/4K3/5BR1 w - - 1 29,-630
rnq1kbnr/ppp1p1p1/4b3/3p1p1p/5P1P/P1P5/1P1PPKP1/RNB2BNR w - - 0 9,-755
rnbqk2r/1ppp1p1p/5n1b/1p2p1p1/8/4P1PP/PPPPNP2/R1BQKB1R w KQkq - 0 7,-439
r1b1r3/ppp2k1p/n2q1n2/4p1p1/8/N3P3/PP1B1PPP/R3K1NR w KQ - 0 13,-701
4k3/R5p1/2K5/2P2p2/1p3r2/4p3/2P3Pb/R7 b - - 1 39,-186
1r6/4p1k1/p7/7P/1P4P1/8/3NP1b1/4K3 w - - 1 34,-568
1r1k1bB1/2p1p2r/p5p1/1p4pb/3N4/P3P1P1/1RP2P1P/2B3K1 b - - 1 22,-245
r1b1k1nr/p3pp1p/n6b/6p1/6P1/2N1P3/PPPP2PP/R1BQK1NR w KQkq - 1 8,804
rnbqk1nr/pp1p1p2/3b4/2p1p1p1/P1P5/8/1P1PPPPP/RNBQKBR1 w Qkq - 0 8,-466
4r3/1bk5/2p4p/8/2P4P/B3PP2/3N4/3KR3 w - - 7 36,564
8/Bb1k4/5r2/3p2p1/3P1p2/R5p1/2P5/1N4NK b - - 1 40,-82
k5n1/3p3p/3P4/8/1p6/3P3K/P6P/4R3 w - - 1 38,575
r3k3/1pp2p2/4bp2/p7/P7/2N2N2/1P5P/5K2 w q - 1 26,-547
1nb1r3/rpp2p1p/3k2pn/4p3/8/1N2qPP1/2P3KP/6NR w - - 0 15,-769
1n3b2/1p2p1k1/7p/r2p4/q4P1P/4P1P1/4N3/2K2B1R w - - 0 27,-751
r4bnr/2qnkp1p/6p1/p1p1p3/4P1P1/B1P4N/P2PKP1P/RN1Q3R b - - 1 12,-30
1nbq1knr/2r1p1bp/p1pp1pp1/8/7P/3PPP2/P1PBN1P1/3QKB1R w K - 4 17,-585
rn1qkbnr/ppp1p1pp/3p4/8/4b3/N7/PPPP1P1P/R1BQKBNR w KQkq - 0 5,-137
r3k1n1/2p5/n7/R2pP1p1/p7/B3P1P1/P1P2Kbr/8 b - - 0 32,790
r1bqkbnr/p1pppppp/1pn5/8/6P1/2N4P/PPPPPP2/R1BQKBNR b KQkq - 1 3,41
Q7/3k4/8/8/pP5P/P1P2P2/2KN4/7R b - - 5 39,-882
rnbqkbnr/p1pppp1p/8/1N4p1/6P1/8/PPPPPP1P/R1BQKBNR b KQkq - 0 3,-110
1n6/5k2/3Q2b1/KP4p1/3P4/P1B5/5P2/R3N3 b - - 0 38,-892
1r2r3/p2kp3/bpp3p1/1n3p1p/7P/1P3P2/3b1K2/6NR w - - 4 36,-907
rnbqkbnr/pp1ppp1p/2p5/6B1/8/3P2P1/PPP1PP1P/RN1QKBNR b KQkq - 0 3,-197
rnbqkbnr/pppp1pp1/7p/4p3/2P5/4P3/PPQP1PPP/RNB1KBNR b KQkq - 1 3,6
r1b1kbnr/p2p1p1p/nq6/1pp1p3/5N2/2P5/PP1PP1PP/RNBQKB1R w kq - 1 8,-27
rnbqkb1r/1p1ppppp/p4n2/2p5/P7/5R1P/1PPPPPP1/1NBQKBNR b Kkq - 1 4,227
1R6/p2k4/6p1/1P5n/4B3/1P6/5P2/5KN1 b - - 16 35,-659
1B1k4/2p5/8/1P1pp1P1/n7/8/4B3/2Q2KN1 b - - 0 39,-825
rnbqkb1B/1ppppp1p/p4np1/8/8/1PP5/P2PPPPP/RN1QKBNR b KQq - 0 4,-406
rnbq1b1r/ppp1k3/3p1np1/4pp1p/P1P5/1R1PPK2/1P3PPP/1NBQ1BNR b - - 3 10,186
rnbqkb1r/pp1ppppp/2p4n/6B1/2PP4/8/PP2PPPP/RN1QKBNR b KQkq - 2 3,-85
2k2bnr/4p1p1/5p2/pr1P1P1p/N1p4P/6K1/8/8 w - - 11 37,-726
r1bqkb1r/pppppppp/2n5/8/P7/7P/1PPPPKP1/RNBQ1BNR b kq - 0 5,-188
rnb1kbnr/1p1p3p/2p5/p3pp2/R1P5/5PPB/1B1PP3/3Q1KN1 b kq - 0 13,-314
1r3b1r/p5p1/1pnk3n/3p1p1p/P7/4PP1P/1BPN2B1/2RK2QR b - - 4 23,-773
r7/3p1k1p/ppnK4/5Bp1/8/7P/P2N4/2R4R b - - 0 30,-555
5kn1/rp6/2R5/8/1P4B1/3P2r1/3K4/8 w - - 0 38,-361
2k5/1p2p3/4rpp1/1Pp5/5PP1/2P3P1/3N2K1/5RN1 b - - 5 30,-630
2bqk2r/1p4bp/3B1n2/r4pp1/8/2PP2PP/PP2P2R/RN2KBN1 w Q - 1 14,-572
rnbqkbnr/ppp1p1pp/3p4/5p2/8/4PN2/PPPP1PPP/RNBQKB1R w KQkq - 0 3,66
6n1/8/1P3k2/2P1p1p1/p1P5/5P2/3NNR2/3K4 b - - 3 31,-679
rnbqkbnr/p1pppp1p/1p6/6p1/1P6/5PP1/P1PPP2P/RNBQKBNR b KQkq - 0 3,40
rnbqkbnr/1pp1pppp/p2p4/8/1P6/7N/P1PPPPPP/RNBQKB1R w KQkq - 0 3,-39
4kbn1/3ppp1r/1q4p1/pN4P1/2Pp1B2/5P2/P6P/RK4NR w - - 3 21,-380
rnbqkbnr/p1p1ppp1/1p5p/3p4/P6P/1P6/2PPPPP1/RNBQKBNR w KQkq - 0 4,39
7k/6p1/1p3p2/8/P2P4/1R5N/4K2n/1R6 b - - 3 40,-715
5b2/p1k1p2r/2p2p2/2P2P1p/3PN3/B7/P1P1B2P/R4K2 b - - 0 38,-669
rnbqkbnr/1pppp2p/p4p2/6p1/8/NP3P1P/P1PPP1P1/R1BQKBNR b KQkq - 0 4,52
rn2kb1r/5p1p/3p3n/B1p1pb2/8/2NPP3/PPP2PPP/R2QKBR1 w Qkq - 0 11,730
4k3/8/Bp3p2/2r5/P5Q1/2P1K3/6P1/R7 w - - 0 38,780
rnbqkb1r/1p1ppppp/2p2n2/p7/2P2P2/3P4/PP2P1PP/RNBQKBNR w KQkq - 0 4,94
r1q2k2/pb5R/2nN4/2P2p1p/8/1N1p4/PP3P1P/5K1R b - - 1 31,399
1n1k1bnr/1p2ppp1/7p/r1p5/p1P3b1/P3P3/RP1N1P1P/1NB1K2R w - - 0 17,-460
r1b1kbnr/pp1pppp1/7p/8/8/2NP4/P1PP1PPP/1RBQKB1R b Kkq - 0 8,-761
rnbqkbnr/pppp1p1p/4p1p1/8/P7/1P6/2PPPPPP/RNBQKBNR w KQkq - 0 3,59
6nk/4p3/8/1p2Pp2/8/1P3P1N/4P3/rN2KB2 w - - 1 26,-217
k1B5/8/4p2p/2P5/1P6/1P2K3/7P/5R2 b - - 4 39,-829
r1b3r1/1p2k3/5p2/1pq5/p2R2P1/P4P2/6P1/1N4K1 w - - 1 34,-965
rnb2knr/1pp3pp/p7/P3pp2/R3p3/2B5/2PQPPPP/4KB1R b K - 2 12,-556
1r6/5p1B/p3k3/P7/2R5/2P5/2K5/8 w - - 8 40,549
rnbqk2r/pp1nbp1p/2pp4/8/7p/N2P3N/PPPQPPP1/R1B1KB2 b Qkq - 1 8,518
rnb1Qbnr/6pk/1pp4p/p3Pp2/2PB4/1P3P2/P3P1PP/RN2KBNR b KQ - 1 12,-700
rnbqkbnr/2pppppp/1p6/p7/P7/6P1/1PPPPP1P/RNBQKBNR w KQkq - 0 3,38
1n2k3/1p3p2/7r/2N2P1p/8/P6P/2KP4/R1B5 b - - 0 31,-412
rnbqkbnr/pppp2p1/5p2/4p2p/1PP5/7N/P2PPPPP/RNBQKB1R w KQkq - 0 4,23
rn5r/p2b1kp1/2p2p2/5p2/7P/N7/PP1P1NP1/R1B3KR w - - 0 18,526
rnbqkbnr/p2ppppp/1pp5/8/1P6/4P2N/P1PP1PPP/RNBQKB1R b KQkq - 1 3,50
6k1/8/8/6P1/8/N2PP3/5P2/4K3 w - - 1 38,657
5b1B/pppr1k1p/4p2n/8/P2P1P1N/1PN5/4P3/R2QKB2 w Q - 0 19,852
r1bqkbnr/1pppp1pp/2n2p2/p7/8/P4P1P/RPPPP1P1/1NBQKBNR b Kkq - 0 4,239
2n1k3/7p/p7/6P1/1BPP3K/1P3P2/P6P/6NR b - - 1 38,-828
r7/p5k1/1p5p/4n3/P1p2P2/P3P2P/N1P3K1/B5R1 b - - 5 35,-609
rnbqkbnr/1pppp3/5p2/5p1p/p1P4P/5PP1/PP1PP3/RNB1KBNR w KQkq - 0 7,-714
5k2/8/3pb3/Rp1p1pp1/1P6/2P5/1B3K2/5B2 b - - 3 31,-526
Bnb3nr/p1pp2pp/5p2/8/Pk1P2PP/3P4/1P2K3/RN5R b - - 0 18,-244
rnbqkb1r/1ppppppp/5n2/p7/5P2/8/PPPPP1PP/RNBQKBNR b KQkq - 3 3,83
1k6/4p3/n7/p4p2/3b1P2/P7/2K1p2r/8 b - - 2 38,1133
8/2p5/2p1P3/1b6/k1p2KP1/8/8/8 w - - 3 41,-258
r1bqk1nr/1ppp1pp1/2n4p/p1b1p2P/P7/7N/1PPPPPP1/RNBQKB1R w KQkq - 0 6,-219
r3kbnr/4p1pp/2P5/8/5p2/1RQ4B/4NP1P/1NB1K2R b Kkq - 0 16,-921
rnb1kbnr/p2pp1pp/q4p2/1pp5/8/PPPP3P/1B1NPPP1/R2QKBNR w KQkq - 3 8,189
4k3/b3n3/8/5p2/2b5/7N/3K4/1r6 b - - 5 35,680
rn2kbnr/1pp1ppp1/7p/p7/4P2N/1P5P/P1PN1P1P/R1BQK2R b KQk - 0 8,-742
r1bqkbnr/pppp1pp1/2n1p3/7p/2P5/4PP1P/PP1P2P1/RNBQKBNR b KQkq - 0 4,216
rnbqkbnr/ppppppp1/8/7p/3P4/4B3/PPP1PPPP/RN1QKBNR w KQkq - 0 3,87
2rq3r/ppp1nkb1/7p/2Pp1p2/1K5P/N7/P2P4/1RBb4 w - - 1 22,-1074
r4b2/pk5r/n2p4/2p5/2R2pPp/P2K3N/1PP2P2/5R2 b - - 3 29,356
rnbqkbr1/pppppp1p/6p1/8/6P1/P4P2/1PPPP3/RNBQKBNR b KQq - 0 5,-373
rn1qkbnr/p1pppppp/b7/1p6/8/1P1P3N/P1P1PPPP/RNBQKB1R b KQkq - 0 3,1
1nb1k2r/3p1pp1/4pn2/Bp5p/8/3P1P1P/P3P1P1/RN2KBNR w KQ - 3 15,800
r1q2bn1/pp2pp2/3k4/3p2p1/8/3nPP1P/P1NP4/R1B2KNR w - - 5 19,-587
r2q4/2pk1p2/np5b/4P3/1P2p1r1/2P5/PB1P3P/RN2K1NR w KQ - 1 19,-564
rnb1kbnr/ppp1pppp/8/8/4p3/P7/1PPKPPPP/R1BQ1BNR b kq - 0 4,-386
rnbqkbnr/pp1pppp1/2p5/7p/8/N4NP1/PPPPPP1P/R1BQKB1R b KQkq - 0 3,-3
4k1rb/rpqb4/p2pp3/2p5/6P1/1P6/2PNPP1P/2n1KB1R w K - 0 19,-702
2r1qbnr/1Bpkp1pp/1p3p2/p7/2pP1B2/P5PP/1P2PP1R/RN2K1N1 b Q - 1 11,284
8/1p1k4/8/4Ppp1/P1p5/6P1/1P4KP/1N5R w - - 1 31,723
r3k3/3n3p/pP6/2P3p1/4p3/B6b/R1K5/7n w - - 0 34,-343
r1b1kb2/ppp2pp1/n6r/4p3/2P4p/1P2PP2/P2KB1PP/R1B3NR w q - 1 17,-172
r1bqkb1r/p2p2pp/np3p2/3p4/3P3P/1P3P2/P5P1/RNB2KNR b kq - 0 15,871
r1bqkbr1/2ppp1pp/p1nn4/5P2/2P5/2N5/PP1PPP1P/R1BQK1NR w KQq - 2 8,-194
rnbqkb1r/pppppppp/8/7n/P7/N7/1PPPPPPP/R1BQKBNR w KQkq - 3 3,186
rnb5/p2k3P/1p1pp3/5n2/7P/1P5N/P3KP2/RNB2BR1 w - - 1 17,814
rn1qkbnr/pp2pppp/2pp4/8/2P5/1P3N1P/P2PPP1P/RNBQKB1R b KQkq - 0 4,-541
rnbqkbn1/pp1ppppr/8/2p4p/5P1P/P7/1PPPP1P1/RNBQKBNR w KQq - 1 4,107
rnbqkbn1/pppppp1r/7p/6p1/4N3/2P5/PP1PPPPP/RNBQKB1R b KQq - 0 4,35
8/2n2r1k/5p2/8/P3P3/6P1/8/3K4 b - - 5 40,491
rnbqkbnr/p1pppp1p/1p6/6p1/8/P7/RPPPPPPP/1NBQKBNR w Kkq - 0 3,72
3r4/3k1p2/1pn5/3p3p/8/7P/PB3K1P/8 w - - 0 38,-666
3k2n1/3B4/1b6/3p4/5p2/1KP2P2/8/R7 w - - 3 32,322
3B4/Rp6/7B/8/6r1/1kpb4/5K1P/8 b - - 0 30,-63
rn1qkbnr/1p1bpppp/p7/2pN2N1/8/8/PPPPPPPP/R1BQKB1R b KQkq - 2 6,289
rnbqk1nr/pppp1pp1/7p/4p3/1P6/2N4P/P1PPPKP1/R1BQ1BNR w kq - 0 5,439
rnbqkb1r/1ppp1ppp/p3p3/P7/8/6PP/1PPPP3/RNBQKBNR w KQkq - 0 6,360
rnbqkb1r/ppppp2p/8/5n1p/2B5/2P5/PP1P1PPP/RNBK2NR b kq - 1 6,670
8/p1k5/5r1p/2p5/p4p1P/P2R1P2/RP6/1NK5 w - - 1 24,658
r2q1b1r/p1pppkpp/bp6/8/1P5P/n1N5/P7/R1BK2NR b - - 5 22,697
7r/2pk3p/2p5/8/8/3P1P1K/n2b1P2/8 b - - 8 37,823
1r1n1k2/2pbpq1p/8/1p1p1p2/8/PPP1PP1P/2R2BR1/2K3N1 w - - 1 28,-414
rnbq1bnr/pppppkpp/5p2/8/1P4P1/8/P1PPPP1P/RNBQKBNR w KQ - 1 3,35
rnbqkbnr/2pppppp/1p6/p7/8/2P3PB/PP1PPP1P/RNBQK1NR b KQkq - 0 3,0
r1bqkbnr/ppppp1p1/2n2p1p/8/5B2/N2P3N/PPP1PPPP/R2QKB1R b KQkq - 3 4,163
r2qkbr1/1pp1pppp/2n5/p2p2P1/6n1/2PP4/PP1BP2P/RN1QKBNR w KQq - 1 8,438
1r3kn1/4p3/2p2p2/P6B/P7/3p2P1/N1n4P/5KNR w - - 0 24,260
5rnr/4k1p1/B2p1p1p/3n3b/7P/4P3/PPPPR3/1RBQK3 w - - 1 22,489
6k1/8/3P4/5P2/2RP1P2/8/3B4/4K3 w - - 1 39,856
r1bqkbnr/p1pppp2/np6/6Np/8/N7/PPPPPPPP/R1BQKB1R b KQkq - 0 5,-127
rnbqk2r/pppp1ppp/4pn2/P7/8/BP6/2PPPPPP/RN1QKBNR b KQkq - 0 4,-512
r1bqk1nr/1ppp1ppp/n2b4/p3p3/8/3P2P1/PPPNPP1P/1RBQKBNR w Kkq - 2 5,97
r1b1kb1r/1ppp3p/p1n1pnp1/5p2/P1P2P1P/5N2/RP1PPKB1/1NBQ3R b kq - 4 9,-574
rnb1Rbn1/ppp5/6r1/5p1p/Pk6/1P2P3/R1P5/2K2B2 b - - 0 26,437
r3qb2/pp2pk2/2np1p2/2p5/8/1P1P1Q2/P1P1PN2/R4KR1 b - - 6 19,-260
r1bq2nr/ppppkp1p/2n3p1/4p3/P7/2N2P1P/RPPBP1P1/3QKBNR w K - 2 9,494
2r2n2/5k2/p2p1p2/P2p4/1P6/2P1p3/8/1N2K3 w - - 0 34,-603
5k2/4pp2/pr2n3/8/1P6/1b1P1P2/4K3/5B2 w - - 0 28,-736
6kr/2b4p/2p3p1/2Pp4/8/3K1n2/P1N2Pb1/5R2 w - - 2 37,-650
rnbqkb1r/1ppppppp/5n2/p7/5N2/5P2/PPPPP1PP/RNBQKB1R b KQkq - 0 3,190
1rbqkbnr/pppppppp/2n5/8/P3P3/3P4/1PP2PPP/RNBQKBNR b KQk - 0 3,-10
r1b1qbkr/ppppp1pp/n4p2/8/2PP2P1/1P3N1P/P3P3/RNBQKB1R b KQ - 2 8,-396
2n2k1r/2b1np1p/2p5/P7/8/P3P3/8/1K6 w - - 0 33,-845
8/3p1k2/1p4pn/2p1p3/1n4P1/R4P2/2PK4/2BQ2N1 w - - 2 21,848
r1b2b2/pp1kq3/6Pp/2p5/P2n4/1P1P1P2/5K1P/R4QNR w - - 0 22,-309
1n3k2/2p5/3p2r1/8/8/1N5p/P4K2/8 w - - 2 41,-738
1nb1r3/1pp3qp/6k1/4p1p1/p1P1Kp2/2R2P2/1B6/5R2 w - - 0 26,-1050
r1b2b2/1p2kp1p/2pp1p1n/q3p3/4P3/8/1PPP1N1P/1RBQKB1R w K - 0 15,423
1nbqkbnr/r2pppp1/ppp5/7p/Q1P5/2N1PPP1/PP1P2BP/R1B1K1NR b KQk - 3 7,-14
1k3N2/8/n1p5/4p3/2p1P3/4P1K1/1P6/1NB5 b - - 0 32,-566
rnbqk1nr/pppp2pp/8/4N3/6p1/8/PBPbPPBP/RN1Q1K1R b kq - 1 7,-27
1r4r1/1p2k1b1/1p1p1pp1/8/p1PP2b1/3K2P1/P2N1B2/R4B2 b - - 1 25,409
r2b1r2/p2bkp1p/1p2p1p1/2p1P3/8/PPKP4/8/1RN5 b - - 4 33,849
4n3/1R6/4p1k1/p2p4/P4P2/8/7P/5KNR w - - 0 37,732
r4n1r/7p/n3p3/p1p3p1/3k4/2N2P1P/3N1P2/B2K1R2 b - - 2 37,-56
5b2/1r2p3/5p2/p1P3k1/1np5/4PK2/P4PP1/RNB4Q w - - 4 32,681
rnbq1b1r/ppppkppp/5n2/4p3/8/3PBN2/PPP1PPPP/RN1QKB1R b KQ - 5 4,-14
2b5/1p6/r2kp3/6p1/p1P2p2/P1P2P1P/1P2P3/RN2KB2 w - - 3 29,547
4kr2/n7/1p2p1p1/4P2p/1PR1p2P/R3B3/8/1N2K3 b - - 1 30,-634
2b5/3k2p1/1p6/1p1p2r1/1P3R2/4P2P/8/rN2K3 w - - 2 38,-554
1rbqkb1r/pppp1ppp/n4n2/4p3/2P5/N3PP2/PP1P2PP/R1BQKBNR w KQk - 0 5,-41
rnbqkb1r/p1ppn1p1/1p2pp2/7P/8/2PP1P2/PP2P2P/RNBQKBNR w KQkq - 1 6,-5
3q1br1/4pppp/3p4/2pk4/6P1/N4P1N/PB1P1K1P/R3R3 b - - 4 19,-63
rnbqkbnr/p1pppp1p/1p6/6pP/4P3/8/PPPP1PP1/RNBQKBNR b KQkq - 0 3,-67
r1bqkbnr/p1pppppp/1pn5/6P1/8/2P5/PP1PPP1P/RNBQKBNR b KQkq - 0 3,83
1nbqkbnr/rppp2pp/3p1p2/8/p2P4/3Q3P/PPP1PPP1/R1B1KBNR b KQk - 1 6,468
3k1r2/4np1p/b7/6P1/8/2N1P3/2PP1P2/4K1R1 b - - 0 23,23
k7/r3p3/1p5B/p2K4/6np/P7/2PN4/8 w - - 4 35,-475
1R6/4k3/p7/4BQ2/2P4P/2p1PK2/4B3/8 b - - 0 39,-1090
r2q1bn1/1ppbpk2/8/p4p1p/3P3P/P2P1P2/1P2P1P1/RNB1KB1R b KQ - 0 15,629
1n4n1/2p2k2/8/1P2p3/1P4P1/2K2p1P/r7/5BR1 w - - 2 35,358
rnb2bn1/1p1pk1pr/p1p2p1p/8/3P1P2/4P2P/PPP3P1/RNBB1KNR w - - 0 13,305
r4b1r/2pp2k1/n4p2/8/PppP4/4B1P1/5PR1/R3K3 b - - 0 30,571
r1bqkb1r/1ppppppp/2n4n/p7/5P1P/8/PPPPP1P1/RNBQKBNR w KQkq - 1 4,-117
3k1b1r/1p4p1/7n/3p1p1p/3P1P2/p6K/P2P4/8 b - - 2 29,905
6r1/1p2n1pp/1Pn3k1/8/2P2p2/2K4P/6P1/8 w - - 0 40,-818
5bnr/2p3k1/p1rp4/n4pNp/5p2/1p6/1P5P/4BK2 b - - 1 29,774
rnbqkbnr/p2ppppp/1p6/2p5/8/2N1P3/PPPP1PPP/R1BQKBNR w KQkq - 0 3,73
r1bqkbnr/ppppp1pp/2n5/5p2/5P2/2P4N/PP1PP1PP/RNBQKB1R b KQkq - 0 3,45
6k1/6pr/8/1p1p4/3P3P/8/P3KP1n/2B1RR2 w - - 1 35,544
rn1qkbnr/2pppppp/bp6/p7/P7/R6P/1PPPPPP1/1NBQKBNR w Kkq - 1 4,-24
2k3r1/n3b3/3p1p2/8/8/1P6/5NPR/4K3 w - - 5 34,-363
1n6/p6p/5k2/1PP1p1p1/4P3/1R3KP1/2P2N2/4R3 w - - 0 36,912
rnb1k2r/ppp4p/4p1pn/5pP1/1P1p4/5PP1/P1P1P3/R2QKBNR b kq - 1 13,-527
8/2p1kpp1/8/1rp1p3/P7/2KPPn2/4B3/R7 b - - 5 37,-321
1r1q4/3k4/1pnpp3/p1p3b1/2P5/4PP1P/PP4B1/RNB1K1NR w KQ - 2 19,72
1rb2k2/8/2p1p3/p5p1/P2P1b2/R1P5/Q4K2/8 b - - 3 38,-293
rnbqk2r/ppppbppp/4pn2/8/P7/5P1P/1PPPP1P1/RNBQKBNR w KQkq - 1 4,-176
rnb1kbnr/pp1ppppp/2p5/q7/4P3/6P1/PPPP1P1P/RNBQKBNR w KQkq - 1 3,48
8/6pp/7k/1p1b1p2/7P/1P1p1p2/8/1N4K1 w - - 0 41,-561
r7/5N2/2p5/1pP1R3/5Bk1/p5P1/5P2/2RK4 b - - 5 39,-576
r2qkbnr/ppp1pppp/2np4/8/5P1P/4P3/PPPP2P1/RNBQK1NR b KQk - 0 6,105
rnb1qb1r/2kp2pp/ppp4n/5p2/2P5/NP1PP1P1/P4P1P/R3KBNR w KQ - 2 11,-893
7r/5p2/5P1p/pk1p2pP/3B4/8/2K5/6N1 b - - 2 36,387
3k3r/1b5p/7B/pB2p3/6R1/Pp5P/7K/8 w - - 0 38,384
1nb3r1/1p2pk1p/7b/8/4pP1p/1PP5/1B1K2PP/1N4NR w - - 3 20,-264
rnb2bn1/p2kpp1r/2p4p/2p3p1/8/4PP2/PPPP2PP/RNB2KNR b - - 1 9,477
8/4n3/1k3r2/7p/2p4P/6PB/P2R4/3K4 b - - 1 35,-2
rn2k3/pbp3qp/8/7P/P6P/BK6/R1P2P2/6NR w - - 0 24,-540
r2k4/pb1p4/3P4/P7/1p4pP/3P4/P2K1P1R/3R1B2 w - - 2 32,649
r1bqkbnr/ppp1p1pp/2n2p2/2Bp4/8/3P4/PPP1PPPP/RN1QKBNR b KQkq - 1 4,75
5b2/1kp1n2r/R7/1ppp2p1/3r4/8/PP2K2N/8 w - - 1 30,-819
1n5b/2R5/1p5k/1N1p3p/1P6/7P/4P1K1/7B b - - 5 39,-526
6k1/B7/3p4/p6p/8/P4N2/2P1K2P/RN5R b - - 1 37,-1032
2bk4/1pnpnp2/8/8/6P1/8/2K3PP/5R2 b - - 0 31,501
rnb1k1nr/p2pppbp/7p/qPp5/P7/3P2PP/1P1NPP2/R2QKBNR w KQkq - 0 9,73
rnbqkb1r/ppppppp1/5n2/7p/7P/3P4/PPP1PPP1/RNBQKBNR w KQkq - 1 3,14
r2qkbnr/ppp1pp1p/2n5/3p4/5p2/1P1P3b/P1PKPP1P/RN1Q2NR b kq - 1 7,755
rnbqkbnr/1pppp1pp/8/p4p2/2P4P/8/PP1PPPP1/RNBQKBNR w KQkq - 0 3,97
8/4kpr1/rp6/pP1p4/P2p4/5B2/N1P1K3/R7 b - - 3 34,19
rnbqk2r/pp1pnp1p/6pb/1p2p3/6P1/2P1P3/PP1P1P1P/RNBQK1NR w KQkq - 0 7,-618
1k6/8/3p4/4p2p/Pp5P/1P1P4/4P1B1/2Q1K3 w - - 2 37,732
rnbqkbnr/2ppp1p1/8/p4p1p/1pP5/3P4/PP1KPPPP/RNBQ1BNR w kq - 0 6,-32
1rb1kbnr/pp2p1pp/n4q2/5p2/2p2P1P/8/PPP1P1P1/RNB1KBNR w Qk - 0 10,-638
rnb1k1nr/1pp2ppp/p2p4/4p1B1/Pb2P3/2NP4/1PP2P2/R3KB2 w Qkq - 0 11,-742
5r2/p2krp2/P3p3/2Q5/6P1/3pP2P/3P4/1RB1K1R1 b - - 7 24,-912
1b1k4/8/8/8/3P1NK1/8/P7/8 w - - 3 41,220
r1bqkbnr/p1pppppp/np6/8/3P4/4PN2/PPP2PPP/RNBQKB1R b KQkq - 0 3,-100
r1b4r/p1p1p2p/6pb/1p1k4/3P4/8/PPP1P2n/RN1K1R2 w - - 0 18,-568
5r2/3pk1r1/1p2p1p1/p4pN1/P4B2/8/1P2KPP1/N4B1R b - - 3 31,-678
r7/prp1pp1N/1p4pn/8/1P4kP/P1N3P1/1KP2P1R/R7 w - - 3 26,546
1r1k1b2/2p2n2/3p4/1B6/1P5P/8/r5PR/1b4KN w - - 5 37,-759
rn6/pp2k3/3pb1p1/8/8/N1K1nP2/P7/R4BN1 w - - 1 20,-263
8/6p1/1n6/2Ppk1p1/6b1/2N5/8/4K3 b - - 1 37,598
6r1/4k2p/7P/P3p2p/1b6/3K4/RP3P2/1NB2nN1 w - - 1 30,418
rnb1kbnr/3ppppp/8/pPp5/2P3P1/N6P/3PPP2/q1B1KBNR w Kkq - 0 8,-856
rn4n1/4p2k/p7/7p/K1p4P/P2p4/1B1P4/2R3N1 b - - 1 34,107
rnbqkbnr/1pppp1p1/7p/p4p2/5P2/7P/PPPPP1P1/RNBQKBNR b KQkq - 1 4,178
r3kr2/2p1b2p/n2p3p/p4p1P/P2P4/5P1R/2P3P1/RN2K1N1 w q - 1 17,-7
r1bqkbnr/1ppp1p1p/n5p1/p7/3PpPP1/8/PPP1P2P/RNBQKBNR w KQkq - 2 6,-216
rnbqkbnr/ppppppp1/7p/8/6P1/N4N2/PPPPPPBP/R1BQK2R b KQkq - 4 4,42
r3r3/2p5/1pk4p/4p1p1/4p3/1K2P1PP/1P1B4/3R1B1R w - - 2 30,590
r3k3/8/p1p3p1/P5N1/P2p4/7K/2P4b/4B3 b - - 1 30,499
8/2pk4/2r5/p5K1/Ppnp4/7R/4P3/1N2N3 w - - 2 39,94
5b2/3kp3/6p1/1pP2p2/5Pp1/R7/2KNN3/8 b - - 0 38,-558
rnbqkbnr/2ppp1pp/p7/1p4N1/6pP/2NP4/PPP1PP2/R1BQKBR1 b Qkq - 1 7,94
1k1r4/pb3pp1/n2bp3/8/P1PP4/4K3/6P1/6R1 w - - 5 27,-646
r1k3n1/8/2p3p1/p5P1/3R4/2nPP3/8/5K2 w - - 2 36,-525
3Q2nr/5k2/rp2p2p/pnp1Bp2/P1P5/4P2N/2P2PP1/3RK2R b - - 1 23,-914
4r3/8/2p1k2r/4p3/1p2p3/6R1/3P4/1N2K1N1 w - - 0 41,-253
rnbqkb2/2pp1p1r/pp3p2/7p/1PPP4/N4P2/P3P1PP/R2QKBNR w KQq - 0 9,180
2bqk2r/1pppn1pp/4p3/R7/3P2p1/B1P5/4NPPP/4KB1R b Kk - 2 13,375
4N1n1/3nk1Np/2p5/8/4PP2/r2P4/2K2P1P/1R5R w - - 1 32,629
2b1kb2/3pp3/7p/1P3p2/2p4P/1p4PN/1P2P3/RN4KR b - - 1 23,-566
rnbqkb1r/pppp1ppp/4pn2/8/8/3P3P/PPP1PPP1/RNBQKBNR w KQkq - 1 3,-4
4kbn1/r3p3/2p3p1/8/3R4/1P5r/3PPK2/2BN4 w - - 4 32,-436
2b5/3p2kr/2p1p2n/5p2/PnB2P2/1P6/1K3b2/R7 b - - 4 36,879
rnbqkbnr/p1pp2pp/8/Pp2p3/8/8/1PPPPPPP/RNBQKB1R w KQkq - 0 5,-323
4k3/2p1p1b1/7R/3b1p2/2pP1P2/3qP1P1/1P6/1rB1K3 w - - 1 28,-5000
6n1/n6k/3N2p1/3pPp2/8/1P1P4/1QPKP2N/5B2 b - - 4 31,-794
rnbq1bnr/1ppkpp1p/p2p2p1/8/5P2/N7/PPPPP1PP/R1BQKBNR w KQ - 0 5,12
r1b1kbnr/3ppppp/pP6/3P4/p1P5/P5P1/3P1P1P/RNB1KBNR w KQkq - 0 10,549
rnbqkbnr/p1p2ppp/3pp3/1p6/6Q1/1P2P2P/P1PP1PP1/RNB1KBNR b KQkq - 1 4,26
r1bqkbnr/ppppp1pp/2n2p2/8/4P3/7N/PPPP1PPP/RNBQKB1R w KQkq - 1 3,132
8/4k3/8/2p4p/2P4P/P3PN2/1P1KB1P1/2R4R w - - 3 34,1052
rnbqkbnr/pp1pp1pp/2p2p2/8/P2P4/6PN/1PP1PP1P/RNBQKB1R w KQkq - 1 5,141
rnbqkbnr/pppppp2/7p/7p/3P4/8/PPP1PPPP/RN1QKBNR w KQkq - 0 3,-401
r6n/p5k1/1p6/7p/P2pP2P/5KP1/2P5/8 w - - 5 40,-646
rn1k3N/p5pp/2p1p3/1b6/4P2P/1PK2PP1/8/8 w - - 1 34,-615
5kr1/1p2np2/6p1/6P1/P7/1P3K2/n6p/7N b - - 1 38,806
rnbqkbn1/pppp2p1/8/4p2r/1P2Pp2/P7/2PP1PPP/RNB1KBNR w KQq - 0 6,-575
r3k3/2b2p2/p3p2r/5bR1/1P6/2N5/4KP2/8 b - - 3 32,757
Bnbqkbnr/2ppp2p/p7/1p3Pp1/1P6/8/P1PPPP1P/RNBQK1NR b KQk - 0 6,-467
rnR1nk2/pp5r/3p2pp/P7/6P1/2P5/1P1PPP1N/2BQKB1R b - - 0 21,-962
rnb4r/pppk1pp1/4pq1p/8/4P3/N3P2P/PPPP2Pb/R1BQK1N1 w Q - 0 9,-499
rnbqkbnr/3pp1p1/p1p2p2/p1P5/4P1Pp/1P6/3PNP1P/RNBQKB1R b KQkq - 1 8,-2
8/p3k3/2p1p3/4P3/3K1PP1/4Q3/3N3P/5R2 b - - 3 33,-793
1n1q1r2/rp3kp1/p1p5/7p/PbP3p1/6P1/RP1NPK1P/2BQ1BNR w - - 2 16,445
rnbqk1nr/p1ppppbp/6p1/1P6/2p5/7N/P2PPPPP/RNBQKB1R w KQkq - 1 5,-224
1r6/1p2kp2/1p2p3/6Pp/4NP1P/P4K2/R1P1N3/2B4R b - - 3 37,-884
r1bqkbnr/pp2pp1p/n1pp2p1/8/8/PPPP4/R3PPPP/1NBQKBNR b Kkq - 0 5,76
rnb1kb2/p2qp1p1/5n2/2pp1p1r/8/N1P2PP1/PP1PP2P/1RB1KBNR w Kq - 0 13,-746
r3kbn1/ppp1p3/2n2p1p/8/8/P7/1r6/2R2K2 b q - 1 26,1015
r1b1kbnr/p1p1p1p1/1p5p/5p2/PP6/5PK1/2PNP1PP/R1BQ1BNR b kq - 0 9,-763
r1bqkbn1/p1p1p1p1/7r/2p5/2Pp2pP/1Q1P4/P2NPP2/2R1KBNR w Kq - 0 12,-74
5r2/1b1n1ppr/p1p4p/PNP2P2/1B2n1kP/1P6/1R6/3K1B1R w - - 0 28,343
5kn1/7r/7p/1P1Np3/4B3/7p/3b3P/6K1 b - - 0 40,448
rnbqkbnr/p1pppp1p/1p6/6p1/2P5/8/PP1PPPPP/RNBQKBNR w KQkq - 0 3,150
2bqk2r/3pn1pp/2p1p3/1p3p2/3P1P2/R4KPP/1P6/2BN1BNR b k - 0 16,188
2b3r1/2p5/P3k2p/8/1bPPP1p1/6N1/P4qPP/R2K3R w - - 3 34,-671
4k3/4p1n1/3p4/8/R7/7r/1K6/8 w - - 0 37,-441
1B3r2/1p6/6p1/P4k1p/P5p1/1K2R1P1/8/3r4 w - - 1 39,-437
rnbqkbnr/ppp1p1pp/3p4/5p2/8/P7/RPPPPPPP/1NBQKBNR w Kkq - 0 3,-22
r1bk1bn1/1p3p1r/3ppn2/pB6/5P2/6P1/PPPP4/R1B1K3 w Q - 0 15,-826
k7/8/6p1/1r1NP3/6P1/5P2/1P2P1P1/1N2KBB1 w - - 3 39,1016
8/P5k1/8/2P1p2B/4P3/P5P1/2R1K2p/8 b - - 1 39,-448
7r/2pp1k1p/6pn/8/4P3/BP1p1KP1/P2P1P1P/RN5R w - - 2 18,784
r1bqkb1r/ppppp3/n5pn/8/8/1P3P2/P1PPP1PP/R1BQKBNR w KQkq - 0 7,-160
rnbqkb1r/1ppppp1p/5np1/p7/P4P2/8/RPPPP1PP/1NBQKBNR b Kkq - 0 4,107
2b3n1/p2p1k2/n3pp1b/2p3p1/8/PP6/3KP3/RNB1Q2B w - - 1 20,804
r2k3r/p2b3p/7n/3p1p2/3P1p2/3B3P/P5P1/2B1K1R1 b - - 0 26,484
8/6Bk/n7/3b1pB1/5P2/4K3/6P1/1NN5 w - - 0 38,561
rnb1kbnr/1pqppppp/p1p5/8/8/P4PPN/1PPPP2P/RNBQKB1R w KQkq - 1 5,53
Nn6/8/p1k1p2n/8/P2P4/P1P3P1/4P3/3R1K1R b - - 0 29,-722
r2qk1nr/p1pp1pp1/n6p/4p3/2P3PP/8/3PPK2/bNB2BNb w kq - 0 11,-971
rnbqkb1r/ppppp1pp/7n/5p2/7P/P7/1PPPPPP1/RNBQKBNR w KQkq - 1 3,62
r1b5/p1p5/1kp1p3/4P2p/8/P1n2P2/6KP/7R w - - 1 29,-639
rnbqkbnr/p1pppp1p/8/1p4p1/1P6/2N5/P1PPPPPP/R1BQKBNR b KQkq - 1 3,-19
1rbqkb1r/pppppppp/n4n2/8/8/1P2P2N/P1PPKPPP/RNBQ1B1R b k - 0 4,72
r2q1bnr/p1pkpp2/bp6/7p/1P2P3/N1P2K2/P2P1PPP/R1B4R b - - 1 11,1080
rnbqkb1r/ppppp1pp/5p1n/8/8/2P1P2P/PP1P1PP1/RNBQKBNR b KQkq - 0 3,-16
6kr/3np2p/1p1p4/3P4/8/1N5P/4B3/2K5 b - - 0 33,543
5k2/3rp3/p1pp2p1/6B1/n2P3P/1q6/4K3/1b6 b - - 7 36,964
2bn4/1p1k4/r4p2/6p1/1p1P2P1/1P1KP2B/2P2P2/8 w - - 0 37,-596
4k3/4P3/3P4/8/4p3/P1B1P2p/5K2/8 w - - 1 41,595
r1bqkbnr/ppp1p1pp/2n2p2/8/P2p4/3P2B1/RPP1PPPP/1N1QKBNR b Kkq - 1 5,170
1k3bn1/4ppp1/7r/p1N4p/8/1P2N3/1PP1PPPP/R1BK1B1R b - - 0 21,-971
8/3r1p2/5kp1/P2P4/8/5N2/1K4PP/7R w - - 1 41,470
3k4/8/5N2/2P1p1p1/P7/B3P2K/2P3P1/8 w - - 1 35,862
r1b1k2r/pp1pppb1/n1p2npp/q7/2P1P1P1/8/PPNPKP1P/1RBQ1BNR w kq - 7 8,-236
rnk1n3/8/pp2P2p/8/2p2P2/P1P5/6PP/R5KR w - - 0 31,267
rn1qkb1r/pp2pppp/2pp4/8/6bP/3P4/PPP1P1K1/RNBQ2NR w kq - 0 8,-416
1nbqkb1r/1ppppn1p/r4pp1/8/4P1P1/5P2/PPPP3P/RNBQK1NR w KQk - 0 7,-493
rn5r/p2pb1p1/1p3k2/7p/2BpP2P/P4K2/1P1N2P1/RQ4NR w - - 1 18,1066
7r/1b1pN1k1/r3p2p/p7/3Pp2P/PP2P3/2P2PP1/2R1K2R b K - 0 28,177
2k4r/P7/4p3/3rP2P/5b2/4r3/P4K2/3b4 w - - 1 39,-315
5k1r/8/4p2n/7p/P1p2KbP/R5R1/3P1P2/1NB3N1 b - - 2 31,-439
rnb1kbnr/1pqppppp/2p5/p7/P5P1/8/RPPPPP1P/1NBQKBNR w Kkq - 1 4,-129
2k3n1/p2n4/8/P5p1/1P4p1/8/5K2/3b4 w - - 1 37,-738
rnb2b1r/1pp3pp/3p1qkn/p3pp2/P6P/1PP1P3/3PNPP1/RNB1KB1R w KQ - 1 13,-640
r1bqkbnr/ppp1pppp/2np4/8/8/4P1P1/PPPP1P1P/RNBQKBNR w KQkq - 1 3,28
rnbqk3/ppp1pp2/5n1b/3P4/1P3p1P/3B4/Pr1P4/RN1QK1NR w KQq - 5 13,-398
rnbqkbnr/ppp1pp1p/6p1/3p4/8/N2P4/PPP1PPPP/1RBQKBNR b Kkq - 1 3,64
4b3/k6p/r2B3n/8/2P3p1/1PK5/7P/3R3N w - - 1 39,317
rnb1kbnr/1ppp1pp1/1p5p/5q2/P4P2/2P5/1P1PP2P/RNB1KBNR w KQkq - 0 8,-647
r1q2knr/3p1pp1/p7/2p3B1/7p/1P3b2/P1P4P/RN2K1R1 b - - 7 23,789
r3k1nr/p1n4p/8/1p1p1B2/7Q/1P1P4/2P1P3/3R1KN1 b - - 3 29,-534
rnb1kbnr/pp1p1p1p/2p5/4p1p1/1qP3P1/7B/PP1PPP1P/RNB1K1NR w KQkq - 2 6,-604
rnb5/3pn1k1/5p2/8/8/NPP1P3/P3K1Pb/R1B5 w - - 2 27,-483
5b2/p5kP/5p2/4pK2/1pP5/8/PP1P1PB1/R1B5 w - - 0 27,880
r7/1pp5/8/2n5/P7/1Pp1k2B/R7/4K1N1 w - - 0 40,217
r1bqkbnr/p1pppppp/n7/1p6/5P2/3P2P1/PPPQP2P/RNB1KBNR w KQkq - 3 5,111
r1bqkb1r/ppppp1pn/5p2/8/2PP4/PP3PPP/R2K1P2/1N3B1R b kq - 1 13,853
3k4/4p3/3p4/p1pn4/P1P4P/R5RP/1N2K3/8 b - - 1 37,-736
1n2k1n1/1rp5/8/1p1p1Pp1/8/2P5/4P3/RNK2BN1 b - - 0 26,-226
rn6/1p6/p1k5/7p/P6p/KP1PN3/4R2P/8 w - - 6 39,279
1r3n2/1pp4p/4k3/2P1p3/8/3P3P/1P3K1P/2B2B1R b - - 3 33,-464
2bk2n1/4pr2/2p2pp1/8/R7/1P1P2P1/3K3P/6NR w - - 0 23,342
rnbqkbnr/p2ppppp/1p6/2p5/P7/7P/1PPPPPP1/RNBQKBNR b KQkq - 0 3,45
5k2/r7/p1p5/3nP3/1P6/p2KP2B/P7/3b4 w - - 0 40,-602
8/8/8/5k2/1R5p/2N5/1PP4P/6K1 b - - 3 39,-703
rnbqkbnr/p1ppp1pp/8/1p3p2/5P1P/8/PPPPP1P1/RNBQKBNR w KQkq - 0 3,52
1nb1k2r/rppp1ppp/p6n/4p3/7P/P1PPB3/R3PPP1/1K1Q1BNR b k - 2 10,-748
1r3br1/p1p1k1p1/np4P1/8/3p1P2/3P4/PPPN2K1/R1B2R2 b - - 0 19,-79
r1k3n1/1ppn1p1p/p7/3p1p2/8/1P1P3P/P3KP1R/4R3 w - - 2 26,-206
5bnr/1r3k1p/3p1p1P/Pp1P1Pp1/8/2P5/3P4/2BK1N2 w - - 0 30,-721
r2qkbnr/ppp1pppp/2n5/3p4/8/N3P3/PPPP1P1P/R1BQK1NR w KQkq - 0 6,-282
rnbk1bnr/p2pp2p/1pp2p2/6p1/PP4P1/N3PN2/R1PKBP1P/2BQ3R b - - 1 10,-714
r1bqkbnr/p1pppppp/2n5/1pP4P/8/N7/PP1PPPP1/1RBQKBNR b Kkq - 1 7,26
rn1qkbnr/p1p1ppp1/3p3p/8/1Pp4P/P7/1B1PPP1P/RN1QKB1R b KQkq - 0 7,-2
2rq1bnr/2p3p1/3p3p/p4k2/5N1P/N1P2P2/PP1K1P2/R1B5 w - - 0 18,-664
r1bq1bnr/1ppppk1p/2n2p2/p6p/4P3/PP6/2PP1PPP/RNBK2NR w - - 1 10,-837
1nbqkbnr/r1p1p1pp/pp1p1p2/7P/1P1P3R/8/P1P1PPP1/RNBQKBN1 w Qk - 2 6,123
rnb2bnr/pp1pk2p/8/2p5/6pP/1P4P1/PB1PPP2/RN1QKB1R b KQ - 2 11,-779
r1bk4/1p1p2Np/n7/p6p/P1P5/3P1PPP/8/R2Q1K1R b - - 0 19,-851
rnbq1bnr/pppk1ppp/4p3/3p4/1P6/N1P5/P2PPPPP/R1BQKBNR w KQ - 1 4,-2
7r/5k2/7p/4r2p/1n6/3P2P1/5b2/5b1K w - - 0 35,-797
r1b2n1k/1p1p1P2/n6p/p3p3/4P3/P5p1/8/2K5 w - - 1 36,-808
1k2r3/8/p3p1p1/1p3p1p/1P3P1n/2K5/4N3/5B2 w - - 0 32,-499
r1bqkbn1/pppppp1r/n5p1/1N6/3P3p/2P5/PP2PPPP/R1BQKBNR b KQq - 0 6,29
rnb1kb1r/p4p1p/np6/2p1B1p1/8/1P3N2/P1PKPPPP/RQ3B1R b kq - 1 11,-679
r1b1kbr1/3pqnpp/p7/1p1n4/8/3P1NPP/2P1PP1R/4KBN1 w q - 0 17,-980
4k3/p7/2p5/2br2p1/P7/6P1/2P5/5K2 w - - 2 35,-747
8/3p1p2/1k4pr/7p/R4P2/1P1P2PR/2P1K3/1N4N1 b - - 0 24,-810
8/7p/3p1p2/3PN3/4pP2/4P1k1/R7/5K2 w - - 4 37,701
rnbqk1nr/pp1p1ppp/2p1p3/8/8/N4N1P/1PPPPPP1/R1BQKB1R b KQkq - 0 4,-516
4kbnr/r1q5/p2p2p1/P1p2p1p/5P2/3P2P1/2P1P2P/2BQ1BKR w k - 0 20,-336
rnbqkb1r/ppp1p1p1/7n/3p1p2/1P5P/8/PBPPPPP1/RN1QKB1R b KQq - 2 6,536
1rb1k2r/8/1p1pp1p1/3n1p1p/R1P4P/3P2P1/2K1PP1R/5BN1 b - - 1 26,54
rn2kb2/p1p4p/5p1n/1p1qp3/1P2p2P/P7/2PP2N1/RNBQ2K1 w q - 2 22,-154
1r6/5kb1/3p3p/p7/1n2PP2/8/P1P1K2P/8 w - - 0 41,-700
1nb2bnr/6pp/1ppkp3/3p1p2/8/P2PPPPP/P1PK4/R1B2B1R w - - 0 18,-265
r1bk1bn1/pp2ppp1/n6r/1Bp4p/4P3/PPP2P2/3N2PP/R1BK2NR b - - 0 10,-108
4k3/n2b4/5pr1/7p/3p1P1P/B7/3P4/4K3 w - - 0 37,-705
rnbqkb1r/p2ppppp/1pp4n/8/1P1P4/P3P3/2P2PPP/RNBQKBNR b KQkq - 0 4,-45
r1bqkbnr/ppppppp1/n7/7p/8/N4N2/PPPPPPPP/R1BQKB1R w KQkq - 0 3,73
2bqkbnr/r1pppppp/8/np6/7P/4NP2/P1PPP1P1/R1BQKBNR w KQk - 0 8,-70
3r1k2/pnp1p3/8/6pp/p1P5/8/1PK3PP/RN6 b - - 2 28,236
rn1qkbnr/3pp1pp/bpp2p2/8/8/2P1PN2/PP1P1PPP/RNBQ1RK1 w kq - 0 7,-386
8/1k4p1/4r3/2p1p2p/n1P4P/7N/5P2/1B1K4 b - - 0 39,440
rnbqkbnr/pp1p1pp1/2p1p2p/8/4P3/8/PPPPNPPP/RNBQKBR1 w Qkq - 0 4,-9
1B6/P5p1/5k2/5pN1/7P/1p2P3/5P2/4K3 b - - 0 36,-231
rnbqkbnr/1ppppp1p/p5p1/8/1P6/2N3P1/P1PPPP1P/R1BQKBNR b KQkq - 0 3,52
1nb3nr/4p3/2p1p3/1p5p/8/P4p2/1P3P1k/2RK4 b - - 1 29,799
1n2k1nr/1p5p/4r3/1pB1p1P1/8/1PK1N3/P2P2PP/R6R b - - 0 27,-137
2bqkbnr/r1pn1ppp/3p4/pP2p3/P3P3/6P1/RP1P1P1P/1NBQKBNR w Kk - 1 8,200
r1b1kb1r/p1qpp1pp/1pn4n/5p2/P7/2P1P1PP/1P1PNP2/RNB1KB1R w KQkq - 2 9,-652
rnbqkbnr/p3pppp/1ppp4/8/1P6/B4N2/P1PPPPPP/RN1QKB1R w KQkq - 0 4,18
rn1q1b2/1bpk3r/p3p1pn/7p/P7/1P6/R1PPPPPP/1NBQKBR1 w - - 0 10,-241
rnb2b2/1pqkp3/4p1pn/p1p1P3/P1P5/1P2P3/2RN1P2/4K3 w - - 4 21,-880
r1bqkb1r/pppnpppp/7n/3P4/6P1/8/PPPP1P1P/RNBQKBNR w KQkq - 1 4,144
r1b2b1r/4k1pp/2Q1p3/p4p2/3p1P1P/5KR1/PP2BnP1/R1B5 b - - 2 23,-477
6r1/p5pr/bp2p3/7p/1b1Pp1k1/6P1/5K2/Q6R b - - 4 34,250
r1bqkbnr/ppp1pppp/2n5/3p4/8/5NP1/PPPPPP1P/RNBQKB1R w KQkq - 0 3,32
rq2kb1r/Nppnppp1/5n2/7p/3P4/5p2/PPPK1P1P/1RB4R w kq - 3 13,-1019
r1b1kb1r/pppp1npp/2n1q3/4p3/N3P3/3P4/PPP2PPP/R1B1KBNR w KQkq - 0 8,-690
1n1r4/1p2k1b1/2p2pP1/4pB1p/P1P5/P5P1/N7/R2N1KR1 w - - 0 25,783
Bn1k2n1/5p1r/3p3p/2p1p1p1/2P1Pb2/2K5/8/3b4 b - - 7 35,919
8/2k5/4p2p/4P1p1/4P3/3K2P1/2P4P/1N3BR1 b - - 0 33,-875
1n3b2/1pp2pp1/4k3/pB6/R7/1PN3P1/3P1P1K/1bR5 b - - 0 27,-766
3rkbnr/ppqbpp2/2n5/7p/1PP5/3B4/P2P1PPP/RNB1K1NR w KQk - 2 9,-682
1nb5/N1Bp1p2/5p2/8/5P1k/8/1PP1K1P1/4RQ2 b - - 0 29,-864
1n3bn1/4pkp1/3p4/1p1p4/8/5P1R/2PB2P1/1N2K3 w - - 0 21,143
1nb5/rp1pbk2/p3p3/6pp/2P2p2/3P4/PP2PPPP/RN1K1BNR b - - 0 16,-518
1n2kbnr/7p/r4p2/p2p4/p4B1P/2R4b/1P2P2P/1Q2K2R b - - 2 22,-198
rnb2k1B/1p1p1p1p/pb6/2p2p2/P6P/R2P1N2/1PP1P3/1N1QKB2 w - - 0 16,847
rn1qkbnr/p2bp3/1ppp2p1/7p/1PPP1B1P/8/P3P1P1/RN1QKBR1 b Qkq - 0 10,543
r1bqkb1r/p1ppp1pn/n4p2/1p6/3PPPQ1/N3B1P1/PPP4P/R3KBNR b KQkq - 0 8,-360
8/2pn3k/3p2p1/pN1B4/3b4/B7/P1PPK3/8 b - - 2 33,-517
rn2k2r/pppqnp1p/3bp1p1/3p4/3P4/4PP1N/PPPNQ1PP/R1B1K2R w KQkq - 0 9,72
r3kbn1/ppBnp1pr/2p2p2/7p/3Pp3/N6P/1PP1KP2/R4BNR b q - 3 14,-227
rnbq1bnr/1p1pp1p1/2p3kp/p7/4N3/PP4P1/2PPPP1P/R1BQK1NR b KQ - 0 10,395
r2r4/p5p1/n3bp2/2pk3P/5P2/pP5P/8/5K1R w - - 3 37,-891
2bqkbr1/1ppppppp/2n5/8/2P3P1/1P2P3/R2P3P/1NBQK1NR b K - 0 8,-285
4r1n1/5p2/1p3r2/3pk2p/P6P/3n4/6PR/6K1 b - - 3 34,936
1r6/4kb1p/1p6/5p2/2P4P/5N2/5K2/Q4R2 w - - 5 33,707
r1b1k2r/pppp1pbp/8/4p3/5q2/1P1Pn2P/P1PKB1P1/RN1Q2NR w q - 0 12,-566
4k2r/Np6/4p1p1/p6p/PbP5/3P2PB/4P3/R2Q1KN1 b - - 3 25,-705
r4bnr/pb2kp2/2pp4/6pp/1P1pP3/B2Q3N/P2PK1PP/1R3B1R b - - 1 16,-756
4k1nr/p2pn1p1/b4p2/1p6/6pP/3P2B1/PP2PP2/RN1Q1KNR w k - 0 15,853
2k4r/p1p4p/p3pp2/P7/2P5/3K3R/3P1PP1/4R3 b - - 1 27,-588
r2q1b1r/pppbn1pp/4pk2/n7/P3P3/6P1/1PPPKP1P/R1BQ1BNR w - - 3 10,87
5br1/2p1k3/3p1ppp/3P4/7P/7B/5P1P/1NK4R b - - 0 26,-223
4kbn1/5r2/3p1npp/8/2B2N2/P3PP2/1PPPQ1P1/R1B1K1R1 b Q - 0 22,-1159
rnbqkbnr/pp1p1ppp/8/2p1p3/8/2P1P3/PP1PKPPP/RNBQ1BNR b kq - 0 3,134
1n5r/8/b2P3B/1p6/2k3B1/5P2/P1K2p2/6N1 w - - 0 39,-405
rnbqkbnr/ppp1pppp/8/3p4/6P1/3P4/PPP1PP1P/RNBQKBNR w KQkq - 0 3,-81
8/4kpp1/1p5p/7P/1r6/7K/8/3R4 w - - 4 40,-442
rn1qkb2/3bp1p1/2p2p1n/p2r4/P7/NP2P2N/2PP1P1P/R1B2K1R w - - 3 14,-846
r1bqkbnr/ppppp2p/n4p2/6p1/P7/2PP1N2/1B2PPPP/RN1QKB1R b KQkq - 1 6,55
rnb1k3/pp1pp1b1/5n1r/1P5p/3P4/5PP1/P1P1P2P/RN1QKBNR w KQq - 1 10,712
rnbqkb1r/pp1pp1pp/2p2p1n/8/4P3/P6P/1PPP1PP1/RNBQKBNR w KQkq - 0 4,111
1nb5/2kp1p1p/8/p7/5P2/PP6/4PN1P/3K1BR1 b - - 0 27,-619
1rb1kb1r/pppqpppp/3p1n2/4n3/7P/P1N3P1/1PPPPP2/1RBQKBNR w Kk - 1 7,98
r1bqkb1r/pp1pp1pp/n1p2p2/7P/5P2/NP5P/P1PPP3/R1BQKBNR b KQkq - 0 6,-275
1n3k1r/2r2ppp/5n2/pB3P2/1p6/1P3PP1/P1P4P/3RK1NR w K - 3 17,362
rn2k3/1p1b1ppr/1Pp1p2n/p6P/5P2/P1NP4/2N1P2P/R2KBBR1 b q - 7 21,-648
r5nr/pppkn2p/3p4/q6B/5N2/1PP5/P3P2P/R1B1K2R w - - 0 26,-412
rnbq1rk1/p1ppnpp1/7p/p3p3/2P5/5P2/RP1PP1P1/2BQKBNR b - - 1 12,309
r1bqkb1r/2p1p1pp/p1pp1p1n/8/1P6/2P1P3/P2PKPPP/RNBQ2NR b kq - 1 7,157
2b2b2/1p2p1pr/7p/3pk2N/7P/1PPKP3/3B4/6R1 b - - 11 28,63
r1bqkbnr/pppppp1p/n7/6p1/8/N5P1/PPPPPP1P/R1BQKBNR w KQkq - 0 3,132
r4rk1/7p/3p4/np4b1/3Pn1R1/4P3/1PP1K1PP/R1B5 b - - 2 25,486
rnb1k2r/ppppqp1p/5n2/4p1Q1/8/4PP1N/1PPK2PP/RNB2B1R b kq - 0 8,-313
rnbqkb1r/p1pppppp/5n2/1P6/8/2N5/1PPPPPPP/R1BQKBNR b KQkq - 0 3,-211
8/3np3/1pp5/8/P2Nk1p1/4P1P1/8/2BK4 b - - 0 34,-147
rnbqkbnr/pppppp2/7p/8/1PPP2p1/6P1/P3PP1P/RNBQKBNR b KQkq - 0 4,-58
r4r1k/p2Q3p/8/1PpK4/5b1P/8/2P1P3/1N2BB2 b - - 4 33,-445
1n6/3p1k2/2b5/Pp2P3/5P1P/P5P1/2PP1B2/RNKB4 b - - 2 35,-882
4Nr1k/3p4/Bp2p3/8/8/P1PP4/K7/8 w - - 1 37,300
r1bqkb1r/pppnpppp/7n/8/1PB1P3/6P1/P2P1P1P/RNBQK1NR b KQkq - 0 5,141
r7/3k4/6pr/1pp2p1p/7b/8/3BK3/1N6 b - - 1 33,843
2r2k1r/3p3p/1Bn2n2/p2Q4/8/7N/2P1P1K1/5R2 b - - 0 24,-491
2bk1n2/6r1/1p5R/1P3p2/3b1P2/3P1K2/4P3/2r5 b - - 2 31,5000
r3r3/p2k1p2/2p3p1/4B3/3p2P1/pP5N/5P2/4K1R1 w - - 0 31,-559
r2qk1nr/pp3ppp/2n5/2pp2b1/5pb1/2PP4/PP2PK1P/RN1Q1BNR w kq - 5 13,-667
2b3n1/1pp5/nk6/7p/P3P1p1/8/3b2B1/3N1K2 w - - 0 35,-728
r1bq3r/ppppk2p/2n4b/4p3/4P3/2PP2P1/PP5P/RN2KBNR b KQ - 0 10,894
r3r1k1/p1p5/n2p1pPp/P6P/2P5/4P3/1R6/N4BK1 w - - 1 33,4
4k2r/2p3pp/8/2P2p2/4p2P/1B6/5n2/2K3N1 b - - 0 37,668
4k3/5p2/p7/3pp3/1p4B1/3P4/8/5K2 w - - 2 39,-178
4k1nr/2p2p2/7p/1R6/3P3P/3P1NP1/3NP3/3QKB2 b - - 0 22,-1122
4kb1r/4n3/5rpp/pp3p2/7K/2P5/3N1P1P/8 w - - 2 28,-941
rnbqkbnr/pp1ppp1p/6p1/2p5/2P5/7P/PP1PPPP1/RNBQKBNR w KQkq - 0 3,11
1rb2b2/p7/4pp2/1p4p1/4P1k1/3R4/1P1P2P1/2B2BKR w - - 1 29,545
r1b5/3p1k2/2n5/1p5P/p3KP1P/P1PP4/1B3P2/RN6 b - - 3 34,-186
rn1qkbnr/1b1pp1pp/2p2p2/p7/8/1PNPP3/P1PK1PPP/R1BQ1BNR b kq - 0 7,-165
8/8/4p3/4k1p1/1K6/2P4N/P1P5/RN3B2 b - - 0 30,-823
1rkr4/4pp1p/pp1p2n1/8/2P1Pp2/1P1PnP1P/1b1N4/4K2R w - - 0 33,-919
rn6/8/3kb2n/p2p4/8/5P2/4B3/qN5K w - - 2 35,-901
r1bqk1nr/2ppbppp/ppn1p3/8/5PP1/2PPP3/PP5P/RNBQKBNR w KQkq - 0 6,-19
1n6/2k5/3N4/2p1p2P/r1P3P1/8/P7/R3KR2 w - - 1 38,630
r1q5/p1nk1p1p/4p2b/2ppP2P/8/2P2p2/P2P1P1P/R1B1K3 w - - 0 21,-757
rn3b2/pppkp1pr/5p1n/N7/P2P4/2P5/1P2PP1P/R1B1K1NR b KQ - 2 11,-165
rn1qkbnr/pppbppp1/3p4/7p/3P4/NP4P1/P1P1PP1P/R1BQKBNR b KQkq - 0 4,13
rnbqk2r/ppppnppp/4p3/8/8/P2P4/2PKPPPP/R1BQ1BNR b kq - 0 5,179
rn1qk1nN/p3p1bp/1p1p4/2p5/4P3/8/PPPPKPPP/RNBQ1B1R w q - 0 9,617
r1b2bnr/1pp1kpp1/p1qpp3/8/P5Pp/NPP1PP1P/3P4/R1BQK1NR w KQ - 0 12,-27
N3kqnr/1p5p/2pp4/n7/5p2/7R/P1PPPPP1/R2QKBN1 b Qk - 0 13,-583
1n4qr/3p3p/1pn3k1/2p5/8/R3Nb2/1PPK1P2/2B5 w - - 1 26,-758
Nn4n1/6p1/3pqk2/1p6/p2pP1P1/b4P1b/P4R1P/R3K3 w - - 1 28,-574
5B2/8/8/1P5k/8/1P2PKPP/6B1/5R2 b - - 1 40,-794
1qk5/1p6/3pR3/7P/2P5/7p/7P/2n2K2 b - - 0 37,546
rnbqkb2/pp1pp2r/2p5/5p2/8/P3PP2/RPPP2P1/1NB1KBN1 w q - 0 9,-750
2b1k1nr/pr5p/4p2q/Pp3pp1/3P4/2PP3P/4NPP1/RN1QKB1R w KQk - 1 17,505
2k2bnr/p3pppp/R7/1Ppp2P1/5P1P/7R/1PPPP3/1NBQK1N1 b - - 0 14,-1033
r1bq1b1r/1pp2p1p/3k2p1/p2pn3/P7/2P1P1Q1/1P4PP/RNB1K1NR b KQ - 0 13,214
1N1R4/b1p1p2p/2B2k2/7P/1P6/P7/4K3/8 w - - 5 37,748
rnb1k3/ppp2p2/5p2/8/Pb3pnP/1P1Q4/4K3/R5R1 b q - 3 17,303
1rn2k2/5pp1/pp5r/6Pp/5P1P/P6N/2PNP3/6KR b - - 0 21,424
6k1/r2p4/2n2P2/1p6/p6p/B7/5P1P/3KR3 w - - 1 36,-199
rnbqkb1r/ppppppp1/8/6Bp/3P4/1K6/PP2P1PP/1R1Q1BNR b q - 4 10,380
4k2n/r3p2r/8/bp1p4/3P2P1/4N1P1/P7/5KR1 b - - 5 37,606
2r4r/p3k1p1/n1p1pn2/7p/P1PP1P2/4P2P/2R2P1K/8 b - - 0 27,835
1nbqkbnr/3ppppp/8/pP6/4PP1R/3P1Q2/PP4P1/RNB2KN1 b k - 0 14,-356
rnb1kbnr/ppqppppp/8/2p5/8/2N3P1/PPPPPP1P/R1BQKBNR w KQkq - 1 3,72
rnb1kbn1/ppqp1pp1/4p3/2P4r/5P2/4P3/P1PP2PP/RNB1KBNR w KQq - 0 6,-656
2r2bnr/4p1p1/p2k1p1p/1p6/3P1NPP/3KP3/P5R1/RN3B2 w - - 0 20,533
3r4/5k2/pp6/2p3p1/1bK5/6P1/P2PB1P1/RNBR4 w - - 2 27,756
rnb2k2/3q4/p1p5/1p1pQp2/3B4/N1PRP2B/P4P2/5K1R b - - 0 27,-754
3qkb2/2pnp1rn/1p6/3p1p2/3P4/P1P2PPP/P4P2/2RQKBR1 w - - 0 15,59
2n3n1/8/1r2k1B1/1P6/R7/5P2/4K3/7R w - - 2 36,583
Q1b5/2p1kpb1/8/2q1n1P1/1p6/8/P2NP1PN/R3KB2 b Q - 1 29,-184
rnbqk1nr/pppp1ppp/8/4p3/4P3/b4N1P/P1PP1PP1/RN1QKB1R b KQkq - 0 5,471
r1bq1b1r/1p1pkppp/8/p4P2/2QP2PP/1R6/1PK2N2/2B2BNR b - - 0 23,-599
3qkb2/3pp3/br3r2/p1p4p/4P3/P4NP1/K1PP1P1P/R2N2R1 w - - 1 23,-864
rn4n1/5k2/1p1p1pp1/p7/P2P4/4P1P1/PBq5/1R2KBN1 w - - 0 23,-545
1nbrk3/b4p2/8/1P2p3/4P2P/N1P5/5PP1/2K2BR1 w - - 4 27,-108
rk6/p2p3b/1p1P2np/8/3P3p/NPP5/P3N2K/1R2B3 b - - 1 37,-286
r1b4r/1pnp2p1/p3p3/2P4p/4k3/8/8/6K1 w - - 2 31,-822
r1bqkbnr/ppppppp1/n7/7p/1P6/N7/P1PPPPPP/R1BQKBNR w KQkq - 1 3,7
r1bqkbnr/pppppppp/2n5/8/8/2N2N2/PPPPPPPP/1RBQKB1R w Kkq - 6 4,93
8/5n2/6p1/P1r3bk/8/1P1KP3/2P2P1P/R1B1r3 w - - 6 38,-371
rnbqkb1r/ppppp1pp/5p1n/8/P4P2/2P5/1P1PP1PP/RNBQKBNR b KQkq - 0 3,41
rnbq1bnr/pppkpppp/3p4/8/8/P4N1P/1PPPPPP1/RNBQKB1R b KQ - 2 3,-83
r3kbnr/pp1b2pp/n3p3/2pp1pP1/8/N2PP3/PPP2P1P/R1BQK1NR b KQkq - 0 8,-494
4r3/8/2k1p3/8/2P5/3P3P/1BK5/8 w - - 0 38,-1
r4b2/pbp1k1pr/2np1p2/8/2P5/2N1p1P1/4P3/4K1N1 b - - 1 26,979
6k1/8/2p1p3/p7/3RP2p/7P/2P3K1/3R4 b - - 3 38,-633
3r4/1k1p4/5p2/p7/2R5/Pr6/3K1P1P/R7 w - - 0 34,21
1rbn1b2/1pp1k1p1/4p3/p7/P5P1/3PKP1N/1p2P1R1/3R1B2 b - - 3 25,235
3qkbn1/3ppp2/r5p1/2p3R1/1nP2P2/4P3/1P1P2P1/1NB1KB2 b - - 2 14,556
3r4/1k4p1/1p3p2/2bp1P2/7p/2K4B/7P/8 b - - 4 39,754
1r5r/p3k1pp/3p4/3n1p2/3P4/2P1P2P/PB2QPP1/5KNR w - - 0 28,537
6n1/np5r/7p/2p4k/P1P1K3/BR5b/8/4R3 b - - 1 35,289
5knr/4p3/8/3P4/r7/4N3/P1K1N2n/R1B5 w - - 2 32,-35
1nbnkr2/rpppq1p1/p4pp1/8/2PP4/2N4N/5KPP/R1Q3R1 b - - 0 17,319
8/pBp4r/8/8/P2P1k1r/7P/R3KP1P/4R3 w - - 1 39,556
3k4/2p5/1p1pp2p/8/4P1P1/1P3P2/R2K3P/5BNR w - - 1 27,942
rnbqkbnr/p1ppp1pp/1p3p2/8/P7/6P1/RPPPPP1P/1NBQKBNR b Kkq - 0 3,52
3r3r/p2kp3/8/4p3/p1P5/N1P5/PK3Pb1/5RN1 w - - 0 28,-463
1nb1k1n1/3p2p1/4p3/2b4p/2P2PpP/N7/P3P3/2B1KBNR w - - 0 26,496
rnb1kbnr/1p1pp3/p1p2p1p/6p1/8/1P1PPPP1/P1PQ3P/RN1BK1NR b KQkq - 1 9,-597
rnb2bnr/pp1ppk1p/2p5/5P2/7p/2P5/P2P1PPR/RNB1KBN1 b Q - 0 10,54
2B4r/6p1/3b4/1P1p2Pp/pk3P2/8/4N1P1/3K4 w - - 7 34,-460
3k3r/p1p4p/n5pR/1r1pp3/3p4/P4K2/P1PB1P2/2RQ1B2 b - - 1 24,-655
3rkbnr/p1pnp2p/1p1p4/6p1/N5R1/1P1P4/P1P1PP1P/R1BQKB2 b Qk - 0 11,-702
6n1/5k1r/n6p/3r4/1P6/2P3P1/8/5K2 w - - 4 36,-732
1k5r/6p1/1N6/n4BPp/p4R2/2b4P/4P3/7K b - - 1 40,-29
6k1/8/8/p1P3P1/p7/P3n3/7K/5r2 b - - 0 36,652
2r5/2p2p2/2k5/4B3/R2PR1pP/8/5K2/1NN5 b - - 6 31,-787
1k5B/8/1p4Pp/p1p5/2P4P/P2R4/2P3K1/RN6 w - - 1 31,982
rnbqkbnr/p1ppppp1/1p6/7p/3P4/5N2/PPPKPPPP/RNBQ1B1R b kq - 1 3,-1
1n6/3p1r2/2pn4/2k4p/1p2p2P/1P2P3/6K1/8 b - - 5 40,942
r1bqkbnr/ppppppp1/2n5/7p/8/P2P4/1PP1PPPP/RNBQKBNR w KQkq - 1 3,69
1n3Bnr/rpp2k2/p4pp1/8/2pq2b1/6P1/PP2PP1P/RN2KBNR w KQ - 0 11,-473
r1bqkbQ1/2ppp1p1/p4p2/np3N1p/7P/2P1N3/P2PPPP1/R1B1KB1R b KQq - 3 11,-827
r1b1kbnr/p1pnp1pp/1p1p1p2/8/3P4/N1PP1P1P/PP1K2P1/R1BQ1BNR w kq - 0 8,851
r1b5/7n/p3p1pk/1p1pB2p/1P6/4PP1P/P1PN2P1/RN1QKB1R b KQ - 0 17,-1123
b3k2r/p1n5/8/6p1/P1KP1R2/4r1P1/8/8 w - - 1 37,-745
r2qkbnr/1pp5/8/p2ppb2/P7/3P3N/RP1PP2P/1NBQKB1R w Kkq - 0 12,-14
rnbqkb1r/pppppp2/5n2/6pp/2P5/NP5P/P2PPPP1/R1BQKBNR b KQkq - 0 4,40
r1bqk1nr/p1p2p1p/1pn1p3/3p4/1P6/4P3/PbPP1PPP/RN2KBNR w KQkq - 0 8,-772
rnbqkbnr/ppp1pp1p/3p2p1/8/1P6/N7/P1PPPPPP/R1BQKBNR w KQkq - 0 3,-64
rq2kb2/p1p1p3/2P3R1/3p3r/P6p/4P3/1PKP2P1/RNB5 w - - 3 28,-384
r1bqkbnr/ppp1pppp/n7/3p4/8/2PPP3/PP3PPP/RNBQKBNR b KQkq - 0 3,44
1n1qkbnr/r1pppp2/pp6/4N2p/3PPP1P/N7/PPP5/1RB2K1R b k - 0 11,796
1k3n2/5pN1/1p6/RN2p3/4p3/7Q/8/2B4K w - - 0 39,5000
rnbqkb1r/pp1ppppp/7n/2p5/8/2P1P2P/PP1P1PP1/RNBQKBNR b KQkq - 0 3,-2
r1b4Q/1qkpn3/pp1p1R2/8/3P1p2/1P6/P1PK1P2/2R2B2 b - - 0 21,-171
rnbq1b2/pp4p1/2p1pk1p/2P2p2/6nP/4P2R/PP1P1P2/RNB1K1N1 w Q - 0 16,-671
rn1qkbr1/p1p1pp1p/b4np1/1p1p4/1P1P4/P3P2P/2PN1PP1/RNBQKB1R b KQq - 0 7,-119
1rb5/1p1p4/p7/2p5/P1P4k/4K3/5PpN/4R1N1 b - - 0 37,-177
3r1k2/B7/P5p1/3pPp1p/8/P7/4PKP1/1b3BR1 w - - 2 36,626
rnbqkb1r/ppp1p1pp/5p1n/3p4/3N4/N7/PPPPPPPP/R1BQKB1R w KQkq - 0 4,-72
r1bqkb1r/p1pppp1p/7p/1p6/8/2N2K2/PPP1P1PP/2RQ1BNR b kq - 0 7,5
r1bqkbnr/1pp1ppp1/n2p3p/P7/5P2/2N5/PBPPP1PP/2RQKBNR w Kk - 2 7,40
rnbqk1nr/p1pp1p1p/4p3/1p4p1/3P4/2Q5/P1PKPPPP/R1B2BNR b kq - 0 6,56
8/r1p5/4k2B/p7/2p1P3/P4R2/P2PK3/R1B3N1 w - - 0 36,979
1n1r2n1/p2pk1r1/2p3p1/5p2/P1P2P1P/1R3K1P/4P3/5B1R b - - 0 33,491
2bk1bn1/3pp3/8/5q2/P3N3/1P1PQP2/6PP/R3KB1R w KQ - 0 27,765
1n6/5R2/ppp1k1B1/8/4P3/1P3N1P/P4P2/RN2K3 w Q - 1 26,1022
2b5/5kbr/2r2np1/R7/3p4/3P1K2/5PBP/7R w - - 1 33,-482
5rk1/3p3n/1p6/1P2bp2/7P/3P2P1/R3K3/1NB4b w - - 1 27,-393
5r2/5k2/5n2/P2p3p/R4P2/N2K4/2P2P1P/2BR4 w - - 0 35,771
rnbqk1nr/2ppbp1p/1p4p1/p7/P3P3/1P4PP/2PP1P2/R1BQKBNR w KQkq - 1 9,-272
7R/5k2/8/p3P2p/2P1RP1P/N7/P7/2K5 b - - 4 39,-767
2r5/8/3RN2k/7p/7p/2P2P2/6P1/5KR1 w - - 3 41,642
7k/p7/3p3p/2p1p2P/8/1p2K1P1/8/3b1NNR w - - 4 41,349
r1bq1b1r/pppkpppp/7n/n7/P7/4P1P1/1PPP1P1P/RNBQK1NR b KQ - 0 5,456
rnb1kbnr/p2pp1p1/8/1p3p1p/7P/NpPPP1P1/5P2/2BK1BNR b kq - 1 11,608
rn1qk1nr/p3p1bp/5p2/2pp1P1p/8/P2PPR1P/P1P2NP1/R1B3K1 w kq - 1 15,-611
8/4k3/8/3p1p2/3P1P1p/4P3/6P1/1rN1KB2 w - - 3 40,258
r7/p3b3/B7/3p4/3P1P2/8/P2k2K1/8 w - - 0 31,-475
rnb1k1r1/2ppq3/p4ppp/1p6/3P2P1/2P1PN1B/PP5P/RN1QK2R w KQq - 2 13,523
r1bqkbnB/ppppp3/n7/5p2/8/3P4/PPP1PPPP/RN1QKBNR b KQq - 0 4,-629
r1bqkbnr/2pppp2/1pn5/p7/2P5/P3PN1P/RP3P1P/1NB1KB1R w Kkq - 0 10,-708
rnbqkbnr/p2ppppp/1p6/8/P1p5/6PN/1PPPPP1P/RNBQKB1R w KQkq - 0 4,90
3k1bnr/1p1nppp1/8/3r3P/7P/8/3PNPb1/1NB1K3 w - - 1 26,-826
1nb3k1/8/4p3/1rP1Pr2/pPp5/P1P5/1B2NPK1/1R6 w - - 4 35,-206
rn3k2/8/5bB1/3p1n2/p2p2P1/P7/1PP2P2/1R3K2 b - - 0 29,524
n4b2/6kn/p2p3p/8/1BPP4/P6b/5K1P/8 b - - 2 38,689
rnbq1knr/pp3p1p/3pp2b/2p3p1/8/1P3PPP/P1PPPK2/RNBQ1BNR b - - 1 7,110
rnbqkbnr/1pppp1pp/p7/5p2/P2P4/N7/1PP1PPPP/R1BQKBNR w KQkq - 0 4,35
r3k1nr/p1p1pp1p/np6/8/5Bb1/3P4/PPP2KPP/RN5R b kq - 0 11,612
r2q1bnr/p3p1p1/n1pp2kp/8/5P2/2N5/PP1PK2P/R1B2BNR w - - 1 12,-440
1r2k3/ppp5/8/P6p/4p2P/8/2P5/R1R1K3 w - - 0 33,623
2bqkb1r/p2ppppp/p4n2/2p5/8/P2PP3/1RPNNPPP/2BQ1K1R b k - 0 9,-533
k5r1/6p1/p2b1p1p/P1p5/8/3P3P/4N1K1/8 b - - 1 38,751
1rb3nr/pp2b1pp/4k3/4q3/1P6/1P6/P2PPP1P/RN1QK2R w KQ - 0 16,-455
3k2nr/p1p3pp/nr4p1/1p6/1P6/B3NP2/P2P1P1P/R2K3R w - - 8 24,19
2bqkbnr/3pppp1/p7/n1p2P1p/4Q2P/2P5/PP1PP1P1/RNB1KBNR b KQk - 0 8,-373
r1bqkbr1/pppppppp/2n5/8/6P1/PN6/RPPPPP1R/1NBQKB2 b q - 0 8,-320
r1bqkbnr/ppppp1pp/8/2n2P2/8/2P5/PP1PPP1P/RNBQKBNR w KQkq - 1 4,197
rnbqkbnr/pp1p1p2/2p1p2p/6p1/P3P3/2NB4/1PPP1PPP/R1BQK1NR w KQkq - 0 5,133
rnbqkbnr/ppppp1p1/7p/5p2/3P4/1P6/P1PKPPPP/RNBQ1BNR b kq - 0 3,-29
r7/3pk1p1/4pn2/8/8/3PbbN1/2P5/5K2 w - - 0 33,-5000
rnbqk1nr/pppppp1p/6p1/8/8/NP3P2/P1PPP1PP/b1BQKBNR w Kkq - 0 4,-506
r2k1b2/p3pp2/5n2/7q/1PRP4/1P1KPN2/7P/7R w - - 0 29,-498
r4k2/pbp5/2p2p2/1pP4p/1P1PP3/P4K1P/8/4R2R b - - 1 40,-413
1rbqkbn1/ppp1pppr/8/3p3p/8/P2P4/1PP1PPPP/RNBQKBR1 w Q - 0 8,8
8/2r1p3/8/3k1qp1/1P6/P5P1/4K2P/8 b - - 0 39,912
8/1p6/4P2B/2Q5/k2P1P2/6P1/P1P5/rN1K2N1 w - - 6 36,1020
8/k2P4/p6N/8/8/5B1P/1QPK4/7R b - - 0 40,-5000
1n5k/4p1b1/1p2P1p1/1P1P4/1R3p2/3K1P2/3P4/8 b - - 7 37,-134
r1bq1bnr/1pp1kp1p/4p1p1/8/p2p1P1P/N2P2P1/Pn2P3/RN2KB1R w Q - 0 14,-874
6n1/5k2/P2pp3/2p1p3/2P5/P3P1K1/3Bb3/7R w - - 0 40,533
1nb1kb1R/5p2/rq6/1pp1p3/4P3/1P6/2PPNK2/1R1Q4 b - - 0 19,650
r1bqkb1r/p1pp1p1p/n6p/1p2p3/8/PP5N/2PKPPP1/RNBQ1B1R w kq - 0 8,469
3r1bn1/4k1p1/5p2/1p1p4/5PP1/1P3P1P/P2P4/4KR2 w - - 1 32,-432
r1b2r2/pp5p/2p2p2/k7/4n2P/NP1BbK2/P7/4R3 b - - 0 35,555
r1b3r1/pp6/2n2kp1/2p4p/2N1PPn1/5P1P/P3N3/R1B1K2R b KQ - 2 26,-145
1nbqkbn1/rp1ppp1r/p5pp/2p5/P3P3/3P1P2/RPPN2PP/2BQKBNR w K - 3 7,106
6n1/3k1p1r/4p1p1/1K1p3p/p7/5P2/5P2/6N1 b - - 0 29,861
1rbqkbnr/p1ppp1pp/n4p2/8/2p3P1/8/PP1PPP1P/RNBQKBNR w KQk - 1 6,-231
rn2kbnr/1p3ppp/p3p3/2pp4/N7/PPPP1P2/3QP2P/R1B1KB1R b KQkq - 0 12,-680
rnb1kbnr/ppqppppp/8/2p5/7P/2N1P3/PPPP1PP1/R1BQKBNR b KQkq - 0 3,38
r1bqkbnr/ppp1ppp1/n2p3p/8/2P4P/8/PP1PPPP1/RNBQKBNR w KQkq - 1 4,31
6n1/R7/3k2p1/1Q4p1/P7/8/R2P2P1/2B2K2 b - - 0 39,-1036
rnbqkb1r/pp1pp1pp/2p4n/5p2/2P4P/6P1/PP1PPP2/RNBQKBNR w KQkq - 0 4,103
5b1r/p2k3p/4pBpn/2p5/2Q2P2/6P1/4K2P/1N3BN1 b - - 1 26,-845
r3k3/6B1/p1p5/8/1P6/8/8/1NK5 w - - 0 37,21
4kbn1/4p1p1/1BP5/3p4/4p2p/7P/5KPR/1r4N1 w - - 0 32,-377
1n2k1nr/6rp/pp1pp3/4p3/2P4P/N5P1/P3BP1R/R2K2N1 w k - 0 17,413
r6r/p1n1p3/8/6kp/PP6/2PN4/6K1/1N6 b - - 1 39,677
1k3r2/8/p7/5p1p/P2P4/5q2/3K4/8 w - - 1 36,-707
r6b/p1pp2kr/5qpp/2P5/1P2b1PP/P3P3/R2P4/1NB1K1NR w - - 0 25,-322
rn3k1r/1p3ppp/2p5/p3Pn2/P7/N3PP1P/RPP5/2BK1BNR w - - 1 15,617
5k2/7r/1rnp2p1/p7/5Pb1/N3P3/P2P4/R1B1KB2 w - - 0 23,-89
7k/8/1PR5/3P4/8/4K1Pp/N2PP2P/5BR1 b - - 3 36,-933
r1k2b2/p5p1/P4n2/2pPp3/7P/3P3N/PPN5/R1B2K1R w - - 1 24,817
4k2r/r3bp1p/nPp4n/8/1p6/1P1P1K1P/8/RN6 b - - 0 26,765
rn6/1P5k/8/3p4/1P1Pr2p/3BP2K/8/8 b - - 0 38,466
rnb1kb2/pppp1p2/4pn2/8/3PPP2/6P1/PBP5/RN1QKBNR w Qq - 1 12,715
r1bqkbnr/p1ppp1pp/n4p2/1N6/5P2/1P6/P1PPP1PP/R1BQKBNR b KQkq - 0 4,-134
5kr1/8/1p2q3/2p3Pp/r7/2P4P/2b1N3/4K2R w - - 0 27,-776
rnbqkbnr/ppppp2p/6p1/5p2/8/3P4/PPPQPPPP/RNB1KBNR w KQkq - 0 3,49
rnbqkb1r/pp1ppp1p/2p3pn/8/8/5NPP/PPPPPP2/RNBQKB1R w KQkq - 0 4,51
6r1/p1bk2pp/n4np1/4p3/P6P/R1PpPPP1/8/2B1K2R w - - 2 27,-410
2b5/4k1b1/1pp5/5P2/1p3p2/1P1Pr3/n2K1n2/8 w - - 2 37,-1028
r1b3nr/p1pp1kpp/1p6/3n4/8/2P2P1P/PP1K2BR/R5N1 w - - 0 17,-330
r1b5/p2k1ppr/2n1p2p/8/8/b1PPP3/P5PP/1qB2KNR w - - 0 16,-1017
r1bqkb1r/pppppppp/7n/8/Pn2P3/6P1/1PPP1P1P/RNBQKBNR w KQkq - 1 4,182
4k3/2np4/1pb2ppn/3p4/r2b4/5P1P/2P1K3/1R3N2 b - - 3 28,859
1rbb1knr/1p1p1p1p/2p1p1p1/8/2P1PP2/2K5/PP4P1/RNB2B2 w - - 2 17,-551
rnbqkbnr/ppppp1p1/7p/5p2/8/5N1P/PPPPPPP1/RNBQKB1R w KQkq - 0 3,96
rnb1kbnr/ppp1p1pp/8/5p2/P7/4PN1P/1PP1Q1P1/RNBK1B1R b kq - 0 9,-801
6nr/3k4/4p3/1b2P2p/1P5b/2K2P1N/1P5P/7R b - - 1 27,463
rnbqkb1r/1ppppppp/p4n2/8/1P5P/3P4/P1P1PPP1/RNBQKBNR b KQkq - 0 3,118
rnb1k2r/1q2bppp/4p3/p3p3/4n3/1P6/P1PPKPPP/2RQ1BNR w kq - 2 12,-738
1nb3nr/1p1p1k2/5pNp/7P/qpP5/3BP3/4K1P1/1N4R1 b - - 2 24,514
rn4r1/1pp4p/p1kp4/5p2/P2P4/1P5N/R7/2b1K2R w - - 4 21,-347
rn2kbnr/p1p1p2p/1p3p2/8/7P/1PP1NN2/P2P4/1RB1K3 w kq - 0 20,-488
rn1qk1n1/ppp1pp2/6pb/3p1b2/5r2/P2P4/1PPKP1PP/RNQ2B1R w q - 0 9,-810
2r5/p2k1p2/7b/1p2pP1Q/7P/2pP4/P7/R4K2 b - - 0 33,-510
2kr1bn1/4pp2/1p6/p1p3B1/P7/7R/R3KPP1/1N3BN1 b - - 0 23,-712
Bnbqk1nr/p1pp2b1/6pp/4pp2/8/2P1PP2/PP1P2PP/RNBQK1NR b KQk - 0 6,-365
5rkr/p1N1n3/8/4P2p/1P2p3/1PB1P1Pp/P6P/4K2R w - - 0 31,87
5br1/3p3p/4k1p1/2n5/7p/r7/1P6/3K4 b - - 3 36,821
5kn1/3n2p1/B4p2/3b4/5p2/1N5P/2PK4/7R w - - 0 30,28
rnbqkb1r/ppp1pppp/3p3n/8/4P3/2P5/PP1PNPPP/RNBQKB1R b KQkq - 0 3,-37
rn3br1/2p2kpp/p1pp4/4p2P/P5P1/1R6/1B1P4/1N1K2NR b - - 0 18,-110
1r2k1n1/p2p4/1p4p1/2p5/4P1b1/P1p1K3/5P2/1r6 w - - 0 23,-997
rnbq1bnr/p1pppkpp/8/5p2/Pp6/1PN1P3/2PP1PPP/R1BQKBNR w KQ - 0 5,176
5kr1/8/2r5/p3pN1p/8/PP6/7P/3RK3 w - - 0 40,361
5n2/4kp2/6p1/2p1P1p1/P1P5/P2P2P1/3RK2R/8 b - - 4 30,-661
5N2/p1p5/1p1k3B/3nn1p1/3K4/8/R1P2PPP/8 b - - 0 31,-272
rn1qkbnr/p1p1pppp/1p2b3/3p4/3P4/2P4N/PP2PPPP/RNBQKB1R w KQkq - 1 4,116
rnbqkb1r/1pppp1p1/p6n/5p1P/1P5P/N7/P1PPPP2/R1BQKBNR b KQkq - 0 6,57
rnbqkbnr/pppp1p1p/8/4p1p1/4P3/7P/PPPPQPP1/RNB1KBNR b KQkq - 1 3,-31
5rr1/1ppk1pp1/8/P6P/1npn3P/8/P3PK2/RN4NR w - - 0 24,-18
rn1qkbn1/p1p1ppp1/1p6/3p1b1r/8/N2PPP2/PPP1B1PP/R1B1K1NR w KQq - 0 7,-574
1rbqkbnr/pppppppp/n7/8/7P/5P1R/PPPPP1P1/RNBQKBN1 b Qk - 2 3,150
rn1k1bnr/p3p2p/1p4p1/3p1p2/8/2KP1P2/PPP1B1PP/RN1Q2NR w - - 0 12,763
r2qkbnr/p1p1ppp1/5n1p/3p4/RP5P/3P1N2/3PPPP1/1NBQKB1R b Kkq - 3 11,-610
r1N2b2/1pp4r/n6n/p4kp1/P2P4/5Pq1/1PPKP1P1/R1BQ1BN1 w - - 3 16,-6
8/2k1n3/5pp1/1p6/2p5/8/2KB4/6N1 w - - 0 41,-94
r1b4r/2b2kN1/pn3ppn/8/1P2P1P1/P2P3B/5P1P/1R2K2R w K - 0 26,-602
rnb2b1B/1p1ppk2/p4p2/7N/8/2PK4/P1P1PPPP/RN3BR1 b - - 0 13,-621
rnbqkbnr/1pp1pppp/p7/3p4/6P1/P7/1PPPPP1P/RNBQKBNR w KQkq - 0 3,-113
4kb1r/2pnpppp/5n2/4p3/7P/P2P3P/2P1KP1R/1NBQ1B2 w k - 2 13,768
rn2kbnr/p1p1pppp/1p2b3/3p4/7P/5P2/PPPP1P2/RNBQK2R b KQkq - 0 7,-92
1n6/6pr/3kp3/2r4p/1P2K2b/5P2/P6P/1R6 b - - 0 36,815
r1bqkb2/2ppp3/7n/p4p2/P1P2p2/1p1P1P1B/1P1K4/RNBQ3R b q - 0 19,-284
rn1qkbnr/pp2pppp/2pp4/8/P2P2b1/2P5/1P2PPPP/RNBQKBNR w KQkq - 1 4,65
rnbqk2r/pppp1p1p/4p2n/6p1/2P5/2KP3P/PP2PPP1/R1BQ1BNR b kq - 0 6,-82
2kr1bnr/p1p1p1pp/3p4/5p2/P1PP4/3P3P/1P2KP2/RNB3NR w - - 1 14,715
2rq1b1k/2pnp3/3p4/7N/PKP2P2/1P6/3P2b1/RNB5 w - - 0 32,-632
7r/pp1nn3/6kp/5pp1/P7/2P1P2P/2P1QK1R/RN4N1 w - - 8 27,782
4kbnr/1ppbppp1/n2p4/3P3p/2r5/R3PPP1/6BP/4K1NR b Kk - 0 15,822
5b1r/3k4/2pp4/5p1p/3P1P2/4P1B1/6PP/1N3KNR b - - 2 23,-626
r1bqkbnr/pppp1p1p/2n3p1/4p3/2P3P1/5N1P/PP1PPPB1/RNBQK2R b KQkq - 0 6,50
r1b1kb1B/1pp1pp1p/p3q1p1/n7/8/N2P3P/PP2PPPR/R2QKBN1 w Qq - 4 10,794
3k4/4bp2/2pppp1B/8/3PP3/8/rPP5/1N2K3 w - - 0 26,-420
1nk4r/1p2n2p/r5p1/p1p5/P5PP/8/1Pp4K/4RB1R b - - 2 26,508
r6r/7k/8/2P1Pp1p/b6P/2P3P1/3N3R/1K3B2 b - - 0 31,120
rn6/2k5/2p5/p5pp/P2B2p1/NP1P2K1/2P5/1R4N1 w - - 1 31,592
R7/6k1/2p3p1/1b2p3/4P1n1/8/2P2P1P/K7 w - - 0 33,-240
2k5/p2p4/8/2Ppb3/6P1/4PK1N/1PP5/2B2B2 w - - 0 33,752
rn1qkb1r/p1p1p1pp/3p1n2/5b2/1p1P3P/4BN2/PPP1PP2/RNQ1KB1R w KQkq - 0 8,77
8/2k4p/5p2/1p6/8/p6P/2b1K1B1/6NR b - - 1 32,37
rn1k4/1b1p3n/8/p1p1p2N/P7/2PPP1PB/1P3P2/2K1B3 b - - 1 32,537
rnbqkbnr/ppp2ppp/3p4/4p3/8/PP6/2PPPPPP/RNBQKBNR w KQkq - 0 3,-1
5b2/5k1p/8/p2p4/P7/2rq3p/2n2B1P/1R4KR w - - 0 37,-844
r1bqkbnr/pppppp1p/8/n5p1/4P3/1PN5/P1PP1PPP/R1BQKBNR w KQkq - 3 4,276
rnbqkbnr/1ppp1ppp/8/p3p3/P1P5/8/1P1PPPPP/RNBQKBNR w KQkq - 0 3,-28
r1bqkbn1/pp1pp1pr/n1p2p2/7p/P1P1P2P/1P6/3P1PP1/RNBQKBNR b KQq - 0 6,-27
1r2Nb2/1p2r3/8/P2kn1p1/R7/4Pb2/2P5/4K3 w - - 0 33,-678
1kn4r/6b1/6p1/p1p1p3/4P3/2P4N/Pr5P/3R2K1 w - - 0 28,-559
2rqkbnr/ppp1pp1p/2n1b3/1B1p2p1/3P4/2Q1P1P1/PPP2P1P/RNB1K1NR b KQk - 1 6,31
r2b4/p1pp1k1r/q6n/5Ppp/b7/P4PP1/3P3P/RN2K1NR w KQ - 0 18,-764
rnb1k1n1/p2p3r/2p1pp2/2p3pp/P3P3/3P3P/PQ3PP1/4KBNR b K - 1 16,-217
r1bqkb1r/pppn1ppp/5n2/1P1pp3/8/N2P4/P1P1PPPP/R1BQKBNR w KQkq - 1 5,-196
rnbqkb1r/2pppppp/pp6/3n4/7P/4PN2/PPPPKPP1/RNBQ1B1R w kq - 0 5,24
r3kbnr/p2pppp1/bp5p/3P4/2p5/2P1P2Q/PP4PP/RNB2KNR b kq - 0 10,-556
rnbqkbnr/pp2pp1p/2pp2p1/8/4P1P1/5P2/PPPP3P/RNBQKBNR w KQkq - 0 4,22
r1bqkb1r/pp2pppp/n6n/2pP4/8/N2P4/PPP2PPP/R2QKBNR w KQkq - 0 6,-388
8/p1b5/k6p/4pn2/2P5/1P3P2/8/K7 w - - 0 35,-699
8/2p4p/5k1p/3r1p2/Pp6/5K2/4P2P/7R w - - 1 31,-137
rn2kbn1/pb1p1p2/4p3/1pp3q1/7R/1PP5/P2PPP2/RNB1KBN1 w Qq - 0 10,-547
r1b1kb1r/1pp1np1p/n3p3/p2p4/6P1/P1PP4/1PQ1PP1P/RN2KBNR w KQkq - 0 8,629
4kb1r/8/3p1p1p/8/p1b5/4P2p/3P1P1P/1NKR4 w k - 0 22,-522
4k2r/2p2pp1/8/7p/4N3/4PP1P/2R5/1K6 b - - 0 39,-378
2b3k1/R2n1r1p/3pp3/3p4/1K6/8/6r1/8 b - - 3 34,816
rnbk1b1r/pppqpppp/3p1n2/8/7P/2P1P3/PP1PNPP1/RNBQKB1R w KQ - 3 5,80
3k2nr/p7/1p4pp/3p1p2/1n6/1P2P2P/P1PPKPP1/RN4NR w - - 0 19,620
r7/2b1k2p/7P/p1p2p2/P1b5/8/p1K5/8 w - - 2 36,-1024
8/p3k3/n3B3/P3p3/6P1/P6K/8/R7 w - - 1 39,705
3k4/rpp2pb1/4pp2/p7/P6P/1PP5/8/5KNN w - - 0 34,-498
7r/8/6k1/p1p4p/p1b4P/P1P1P3/3K4/2R5 b - - 5 39,516
rnb1qbnr/pp1ppkpp/5p2/2p5/P3P1P1/N7/1PPPNP1P/R1BQKB1R b KQ - 2 5,-145
rnbqkb1r/pp1ppppp/2p4n/8/8/8/PPPPPPPP/RNBQKBNR w KQkq - 0 3,25
4k2r/1p3p2/8/r3p2p/1b4p1/8/5K1P/7R w - - 0 39,-673
rnb1kr2/3p2pp/p6n/1p1p1p1P/1P3P2/3P4/P1P1K1PN/RN3B2 w - - 1 19,-550
1n6/5k2/b7/4p1p1/pP6/2K5/1N6/8 b - - 1 35,599
r1bqkb1r/p1pnpppp/7n/1p1p4/7N/7P/PPPPPPP1/RNBQKBR1 w Qkq - 1 5,-103
rn1k1bnr/ppp2bp1/7p/8/3P1P2/2N5/PPPKR3/R1BQ4 w - - 0 15,284
1k6/r3p3/8/p1pB2P1/2P5/3K3P/P7/bN1R4 b - - 1 36,-537
7r/3p1k1p/p6p/1p6/3Pp2P/4P3/PP1KBpR1/2R5 b - - 1 24,-599
rnb1kbn1/3p3r/p1p5/1p2p3/6Kp/2PP3P/PPN1B1P1/1R4NR b - - 1 16,771
8/8/8/4p3/1p1rP1k1/8/2R2P2/4K3 w - - 2 38,-60
rnbqkbnr/ppp1p1pp/3p1p2/8/1P1P4/2P5/P3PPPP/RNBQKBNR b KQkq - 0 3,-16
rnbqkb1r/pppp1ppp/7n/4p3/2P5/6PP/PP1PPP2/RNBQKBNR b KQkq - 0 3,-23
rnb1kbnr/1p1p1p1p/p5p1/2p1p3/P7/2P1PPKP/R1PP2P1/2BQ1BNR b kq - 2 9,-513
rnbqkb1r/1ppp1ppp/5n2/p3p3/8/6P1/PPPPPP1P/RNBQKBNR w KQkq - 0 4,-75
r3k2r/p4p1p/np5P/2p5/5NP1/3K4/PPPPP1BP/R1BQ4 b kq - 1 23,-657
rnbq1r2/p1p1pk2/1p6/3p4/P5nP/8/2PKP3/R1BQ1B1R w - - 0 14,-410
r1bqkbnr/1pppp1p1/2n5/p4p1p/P6P/5P2/1PPPP1P1/RNBQKBNR w KQkq - 0 5,52
r1bqk1nr/1pppp2p/8/p5N1/2PP4/1P1N4/P2QPPPP/R1B1KB1R b KQk - 5 12,-920
rnb5/3p4/1p6/p5Pk/P1p1P2n/7N/5r2/4K3 b - - 4 33,829
2n3r1/4k2p/8/1p3p2/5p2/7P/2KPP3/1N4NR w - - 2 31,399
2bk3r/1p1n2p1/r5p1/p7/8/B2P4/4PP2/1N1K1B2 b - - 2 21,696
2b3nr/1ppp4/1rn1p1k1/p7/P6P/2P1P3/3K2P1/R5NR w - - 2 27,-516
8/5p2/5P2/3P1k2/8/2P4N/8/1K6 w - - 9 41,487
rnb1k1nr/3p4/ppp3p1/5p1p/3P4/1PP3RN/4PP1P/1R1QKB2 b kq - 1 14,-635
r1bqkb1r/p1ppp1p1/1pn3p1/5p2/3P4/6PN/PPP4P/RNB1K2R w q - 1 11,-684
5b2/4kp2/2K5/p1P3P1/R2PP3/6P1/3B4/1N6 b - - 2 38,-793
2k5/7r/p1p5/P2N2K1/2N2NP1/1P6/6P1/1RBb4 w - - 5 41,862
rn1kr3/2p5/1p3ppP/p1b5/P1P5/7P/b2PBP1R/4K3 w - - 0 25,-723
r7/6kp/6p1/1p6/2p5/5NP1/7P/3N2KR w - - 0 35,289
r1bqk1nr/pppp1ppp/2n5/4p3/1b6/N4P2/P1PPP1PP/R1BQKBNR w KQkq - 0 4,-284
rnbqkbnr/p2ppppp/1pp5/8/1P6/N7/P1PPPPPP/R1BQKBNR w KQkq - 0 3,39
rnbqkbn1/pp1pp1pr/7p/2p1p3/6PP/1P6/P1PPPP2/RNBQKB1R w KQq - 0 6,-292
3r1k1b/pp1n1pr1/3p3B/7P/8/2PB4/P4NP1/R2KR3 b - - 0 27,-463
1k6/1p6/8/5n1p/2B5/PP3P1P/3K4/8 w - - 8 39,518
rnb1k1nr/ppppqp1p/6p1/4p3/8/3P4/PPPKPPPP/RNB2BNR b kq - 0 6,591
rnbqkbnr/p1ppppp1/1p6/7p/P7/2N2N2/1PPPPPPP/R1BQKB1R b KQkq - 0 3,-109
r4bnr/2q1k1p1/np1p1p1p/p1p2P2/P1P2P1P/1P5R/1B1PP3/1N1QKB2 b - - 4 17,210
3r4/3p4/3b3p/r1pPp1k1/8/1B5P/5PP1/1N2K1NR w - - 0 31,285
1nbqkb1r/1p1ppppp/7n/1p6/7P/1P3NP1/R2PPP1R/2BQKB2 b k - 0 10,-156
2k5/8/p2p4/3N3n/1R1B4/8/5P2/4K3 b - - 1 37,-543
R7/5k2/8/2p3p1/8/8/2B5/1N1K4 b - - 0 39,-518
rnbqkbnr/ppppp1pp/8/8/1P4p1/8/P1PPPP1P/RNBQKBNR w KQkq - 0 3,-146
1n6/4b3/5p2/pk3B2/8/8/4PP1R/4K3 w - - 1 38,357
rn1q1b2/ppp2k2/4pn1p/4p3/8/8/PPPP1P1P/RNB1KBR1 w Q - 0 10,-464
1rb1kb1r/n1pp1p1p/pp2pP2/8/P1P5/3PP2N/RP4PP/1NQ1KB1R b Kk - 0 12,-764
rnn2k2/pp1b2b1/2p2p1r/P2p1p1p/8/N3P2P/3P2N1/2Q1KR1B b - - 2 27,-234
1bb4r/3p2pp/6k1/4p3/8/5PP1/4P3/4RK2 w - - 5 36,-678
r1bqkbnr/ppp1pp1p/2np4/6P1/8/P7/1PPPP1PP/RNBQKBNR w KQkq - 1 4,143
rn1qkbnr/ppp1ppp1/8/3p4/3P2bp/N3B3/PPP1PP1P/R2QKBNR w KQkq - 0 5,-153
r1bqkbnr/pppp1ppp/n7/4p3/7P/6P1/PPPPPP2/RNBQKBNR w KQkq - 0 3,-18
1n4nr/r6p/p1p1kp2/B3p1p1/PP4P1/3P4/2PN3P/R3K3 w - - 0 25,-395
r1bqkb1r/pppppppp/2n2n2/8/8/N4PP1/PPPPP2P/R1BQKBNR b KQkq - 2 3,187
2bqkb1r/p2pppp1/p6p/2K5/P7/4P2P/1PP2PP1/RNBQ2NR b k - 0 10,-282
rnb1k2r/p1pp1ppp/4q3/1p2P3/8/1N6/PPP1PPPP/R1B1KBNR w KQkq - 0 9,-271
8/4k3/Pp1n1p2/8/8/6PP/3NK2P/7R b - - 0 30,-723
n5r1/Nbnk3p/3p4/6B1/2Pp4/3P4/4P3/3K4 w - - 4 35,-613
rnbqkbnr/ppppp1p1/8/5p1p/8/2N2N2/PPPPPPPP/R1BQKB1R w KQkq - 0 3,216
r2qk3/pbp1pp2/2np1r2/7K/Pp1P3P/7N/1PP1P1P1/RNQ2B1R w q - 1 15,-131
rnbqkbnr/1p1pp1pp/8/p1p2P2/8/1P6/P1PP1PPP/RNBQKBNR b KQkq - 0 5,-126
r3k3/1r3n2/8/p4Pp1/PpPN4/3P2bP/R3K3/7R b - - 0 33,337
rnbq1b2/p1ppk1pr/7n/P3pp1B/2P5/R3P3/1P3PPP/1N1QK1NR b K - 0 11,228
r4kn1/p4rp1/P7/3pp2p/3N3P/5P2/P7/RNK2R2 w - - 0 27,210
rnbqkbnr/ppppp3/5pp1/8/8/4P3/PPPP1PPP/RNB1KBNR w KQkq - 0 4,-585
rn1q1bn1/p2kpp2/7r/1N1p2pp/Q5b1/3PP3/PP1K1PPP/R1B2BNR b - - 0 10,-24
7R/8/3k1p2/6p1/p7/4p1P1/P3P3/2K2bNR w - - 0 37,652
k7/8/1P1pn3/8/3P1P2/N3P1r1/R7/5K2 w - - 1 41,437
rnb1k1nr/pppp1ppp/5q2/4p3/1b4P1/5P2/PPPPP1BP/RNBQK1NR w KQkq - 1 4,-50
r1b3k1/3p4/2p3p1/8/p4P2/2P3q1/P2K1n2/RNB5 w - - 2 32,-765
4r1k1/7p/2B1p2b/p7/4P3/1p3P2/7K/8 b - - 2 39,753
rnbq1b1r/1ppppkpp/8/p1R5/4pP2/P1N5/RPPP2P1/2BQKBN1 b - - 1 8,-252
1n2kb1r/5pqp/B2p4/2p1p3/3NP1P1/5P2/RPPP2P1/2BQK3 w k - 0 15,644
1rb4r/p2p3p/2p5/8/2k3PP/P7/P4P2/2B1K2R w K - 0 21,-409
rnbqkb1r/ppp1pppp/7n/1P6/P2p4/5N2/2PPPPPP/RNBQKBR1 b Qkq - 0 6,86
1n2nb1r/7p/3p2k1/8/1P6/N2P2p1/4P3/2K5 w - - 2 33,-809
8/2B4p/4kp2/8/Pp6/6P1/1P2P1b1/2b1K3 w - - 2 35,-502
1r3k2/p1Npb2p/Bq6/8/3pP3/5r2/PP1K1P1P/nN1R4 w - - 3 20,-740
1rbqkbnr/pp1ppp1p/n1p5/6p1/P5P1/7P/RPPPPP1R/1NBQKBN1 w k - 2 6,-95
8/p1p1r3/5p1B/P1Pk3P/8/3P1N2/8/2K5 w - - 0 38,263
r1bqkbnr/p1pp3p/1p2ppp1/8/3P4/8/P1PPNPPP/RNBQKB1R b KQkq - 0 8,-280
r2qkbnr/ppp1p2p/2np1p2/6p1/P5P1/4PQ2/1PPP1KPP/RNB2BNR b kq - 1 6,-415
rnbqkbnr/1ppppp1p/6p1/p7/7P/7N/PPPPPPP1/RNBQKB1R w KQkq - 0 3,26
rn1qk1nr/p2p1pbp/1p6/4p3/Pp2P1P1/7N/RBQP1P1P/1N2K1R1 b kq - 0 12,305
Q7/5p2/2N2k2/8/6p1/P1P1p3/RP4P1/2K2B2 b - - 2 32,-856
rnbqkbnr/p2ppppp/1pp5/8/8/1P4P1/P1PPPP1P/RNBQKBNR w KQkq - 0 3,88
8/5q2/3P4/p1pk4/4p3/1P3N2/P2PK1b1/R3R3 w - - 0 39,-136
2b1k3/3nn3/4r3/8/P6P/5B2/R1PK4/2Q4R b - - 0 33,-600
2n2k1r/8/4P1p1/7p/7P/p4K2/Pr3PB1/6NR w - - 1 35,-281
r7/p2kp2R/2p3Qn/1p1p4/8/2N2N2/P1R1PB2/4K3 b - - 4 26,-1074
2b2b1n/1p1kp3/7p/1Rp2P1P/P3N3/2P5/P3P1P1/2B2K2 b - - 1 24,-644
rnbqkbnr/1pppppp1/p7/7p/P2P4/5P2/1PP1P1PP/RNBQKBNR b KQkq - 0 3,12
B4k2/p3q3/1p1p3N/2p5/5P2/P2P4/RP6/1N3K2 w - - 3 35,141
rnbqkbnr/1pppp1p1/p4p1p/8/1P1P1P2/N7/P1P1P1PP/R1BQKBNR b KQkq - 1 4,16
1r2kb1r/pbp1ppp1/5n2/1P2p3/2P4p/N2QK3/1P2PP1P/R4BNR w k - 3 16,484
r3k1nr/6p1/p4p2/4pP1p/7P/B2K4/4PP1R/RN3B2 b - - 0 25,-542
rnbq1b1r/p1pppk1p/1p3p1n/6p1/8/P1P1P2P/1P1P1PP1/RNB1KBNR b KQ - 0 6,744
1n3br1/r3p1pp/p3b1kn/1p1qP3/3P4/P1P3PP/1P1K1P2/RNB3NR w - - 0 18,-812
r1b2bnr/pp2q3/3pp1kp/1B6/3pP1Pp/P2P4/3P1RP1/RNB1K3 b - - 1 19,787
r6r/p1p3k1/3p1p2/4p3/P7/1P1B3P/5P1P/R1K3NR w - - 0 25,628
rnbq1bnr/ppppk1pp/4pp2/8/8/1PN5/P1PPPPPP/R1BQKBNR b K - 0 4,-45
1n4n1/1ppb1p2/4pk2/8/4P3/Pr4P1/r3B3/4K3 w - - 0 32,-977
r1bqkb1r/pppnpppp/5n2/8/3Pp3/6P1/PPP1QPBP/RNB1K1NR b KQkq - 4 5,79
1rb2bn1/p1pp1k2/np3q1r/4p2p/8/PP4PP/2PPPP2/RN2KB1R w KQ - 1 13,-940
rnb1k2r/ppppqppp/4pn2/8/4P1P1/P7/2PP1P1P/RNBQKBNR w KQkq - 1 5,511
rnbq1br1/pp1p1k2/2p2pp1/4p3/2P1P3/7P/PP1P1PPR/RNB1KBN1 b - - 1 9,711
r1bqkbnr/p2ppp1p/1pn5/2p3B1/P7/1P1P4/2P1PPPP/RN1QKBNR b KQkq - 0 5,-28
1n2k3/4n3/2b1p1p1/p3P3/P2p4/5p2/2K5/8 w - - 0 41,-836
rnbqkb1r/p1pppp2/1p3n2/6p1/7p/1PPPPP2/P5PP/RNBQKBNR w KQkq - 1 6,72
r1bqkbnr/1ppppppp/2n5/p7/7P/4P2N/PPPP1PP1/RNBQKB1R b KQkq - 0 3,87
1n6/rpk5/2p1b3/p7/2PP4/1P6/P3B2P/3RK2R w K - 2 27,562
2k5/7R/4p3/1p3p2/3P1P2/2p5/3NP1B1/4K3 w - - 6 35,721
r4b1N/pbnkn1pp/1p1p4/5p2/1P6/4PN2/P1PPQP2/R1B1K3 w - - 1 20,554
r1k2bnr/6p1/1p3p2/1P6/p4p1p/P2P3P/8/q1BKNB2 w - - 0 26,-759
rnbqkbnr/pppppppp/8/8/3P4/7P/PPP1PPP1/RNBQKBNR w KQkq - 1 3,146
rnq1k1nr/5pp1/8/b3p2p/P7/7P/2PPKP2/2BQ3R w kq - 0 17,-857
r3kb1r/p3n1p1/n4p2/7p/3p1P2/1P1P3N/P1P1PQBK/R5R1 b - - 5 19,-593
3k1bnr/p3pp2/3p3p/1B6/5BPp/PpP5/7R/R2K4 b - - 1 20,-249
r1bqk2r/ppppp2p/5p1b/P5p1/2P2N2/N2P1P2/3KB2P/R1Q4R w kq - 0 14,115
r1bqkbn1/p1p1ppp1/p7/3p1P2/8/5NP1/PPPP1P1P/RNB1K2R w KQq - 0 7,-424
rnbqkbnr/pp2pppp/2p5/3p4/8/N5P1/PPPPPP1P/R1BQKBNR w KQkq - 0 3,-27
r1b2k1r/1N1n1pbp/p1p4n/4p3/7P/2P2P2/P2PP1PR/R1Q1KBN1 w Q - 1 15,859
rnbqkbnr/2pppppp/p7/1p6/3P3P/7R/PPP1PPP1/RNBQKBN1 b Qkq - 1 3,53
rn2b3/2p2k2/pp6/5n2/3P1P2/7K/PB2P3/RN4N1 w - - 0 25,207
8/2pnk3/7r/7p/1P1K4/2P1P3/R2Q2BP/1N5R b - - 0 34,-823
r3kbnr/pp2pp1p/n3b2P/2pp4/2N5/8/PPPPPKPP/1RB1QBNR w kq - 1 9,568
1n2kb1r/7p/2pppq2/1b2n3/8/2PP4/1P2PP1P/rN1K1BNR w k - 0 18,-929
r1bqk1nr/pppp1ppp/2n5/4p3/2P5/P2P4/P3PPPP/R1BQKBNR b KQkq - 0 4,63
r1b1kbr1/ppq1p3/1n4p1/7p/2P5/P3P3/1P3PPP/RN2KBNR w KQq - 1 13,-585
b4br1/6p1/1k1p4/2n5/4P3/1PP2q2/2N2P2/5K2 w - - 5 26,-813
3qkbn1/6p1/p1p4r/3pp3/P7/R1P1P3/3N2N1/5K2 w - - 0 24,-762
N4b2/p6r/3pp3/1B6/Pk4pp/2R1P3/1PPP1R2/2B1K1N1 b - - 1 31,-1090
r3kbnr/1p1n2pp/p4p2/2p2P1R/P3p3/6K1/RPPPP3/2BQ2N1 b kq - 0 13,-425
rnbq2nr/p6p/2p1ppp1/4k3/2P5/P1N2PPP/3PP3/b1B1KBNR w K - 0 11,-399
r1bqkbnr/pp2p3/8/1p1p1pBp/8/3P2P1/P3PP1P/R2QKBNR b kq - 1 11,17
6k1/R7/8/6b1/P2p1p2/7N/2B2P1P/1N2K3 b - - 0 35,-776
2b2r2/5k1p/3pp2n/6p1/P2b4/1P1P3P/8/RN2KB1R w - - 1 30,-30
r1b1r3/p1pp1k1p/4p1n1/6R1/3PP3/5PP1/6B1/2n1K3 b - - 1 24,786
rnbqkbnr/p1pp1ppp/1p2p3/8/5PQ1/4P3/PPPP2PP/RNB1KBNR b KQkq - 1 3,91
rnbqkbnr/ppp1pppp/8/3p4/8/P2P2P1/1PP1PP1P/RNBQKBNR b KQkq - 0 3,-4
1nbqk3/2ppp3/5p1b/rp1n4/6P1/1P3N2/2P1PP1P/4KB1R w K - 0 13,-832
1nbqkbnr/1p1ppppp/r1p5/p7/2P4P/N7/PP1PPPP1/R1BQKBNR b KQk - 0 4,49
6N1/8/1p6/3p1k2/3pp3/6K1/8/R7 w - - 0 39,311
rn2k2r/1ppbpp1p/8/p7/3P4/3P1pP1/PP1B1P1P/RN1KR3 b q - 0 19,-2
7k/6rr/p1Q3p1/2p4p/4p2P/8/7R/5KN1 b - - 0 37,-485
1rq3n1/3k1p1r/4p1p1/3N3p/4P3/1P5P/P2Q1PPb/R1BK1B2 w - - 0 23,711
rnb3nr/pp1k2bp/8/2p1p1P1/P1P5/5P2/1P2K1P1/RNB2BNR b - - 0 14,-187
rnbq1b1Q/pp1kppp1/2p2n2/3p4/3P4/2P1B2P/PP2PPP1/RN2KBNR b KQ - 0 7,-396
6nr/6kp/4p1p1/1r1p4/1p5P/5P2/2PP4/6K1 b - - 0 30,887
rn2kb1r/p3pp1p/3p2p1/8/2PPb3/1P3N2/1B2PPPP/2R1KB1R w Kq - 0 15,289
rnb1kbnr/pp1ppppp/8/2P5/5B1P/1P6/P1P1PPP1/RN1QKB1R b KQkq - 0 6,-560
3k2n1/2p5/p7/8/1P1P2p1/B3r1P1/4N1KP/1R4NR w - - 0 34,738
1rbqk2r/1ppppp1p/2n5/pQ6/P3PBnP/7R/RPPN2P1/4KBb1 b k - 5 11,512
rnbqkbnr/1ppppppp/8/p7/8/3PP2P/PPP2PP1/RNBQKBNR w KQkq - 1 4,69
rnb2bnr/1p1k2pp/2pppp2/p7/3Q2PP/2N5/PPP1PP1R/1RB1KBN1 b - - 0 9,-710
2b2r2/4kp2/pr1p4/7p/2p1P2P/4K3/P3PPPR/4RBN1 b - - 2 22,-215
7r/7k/n7/P1pp4/6n1/pP4P1/2PK4/6N1 b - - 3 36,747
8/6k1/p2r4/1p2Rp1p/8/b3PP2/5P1P/6K1 b - - 5 36,616
8/2pk4/8/ppP5/8/P5p1/8/5K1b w - - 1 39,-679
4rbnr/pBp1pkpp/3q4/5p2/1n3P2/N2P3P/PP5P/R1BQ1RK1 w - - 1 11,357
b1k2r2/3p4/1P2p1r1/7B/1K6/N7/8/R7 b - - 0 39,343
8/7k/7n/2p3p1/8/P7/6K1/8 b - - 1 40,501
3k1BQ1/8/p7/3P3p/2P1P2P/6K1/P6R/R4BN1 b - - 2 40,-1159
rnbqkbnr/1pp1pppp/3p4/p7/7P/3P1N2/PPP1PPP1/RNBQKB1R b KQkq - 0 3,-1
rn6/p4B2/8/1pp5/8/3k1P2/8/4K1N1 w - - 4 40,-65
8/4k1b1/b3p3/8/2pP2P1/8/2K1P1n1/1N3R2 w - - 4 41,-250
r1bqkbnr/p1p1p1pp/5p2/1p1p4/3P1P1P/3P4/PPPN2PR/R1BQKBN1 b Qkq - 0 7,-451
rnb3B1/p2pr3/1p4p1/8/P3k3/1P4P1/R1P4P/6KR w - - 3 39,-308
r1bqkb1r/p1pppppp/n4n2/8/P1p2N2/8/1P1PPPPP/RNBQKBR1 b Qkq - 2 5,462
rnbqkbnr/1p1ppppp/2p5/p7/2P5/8/PP1PPPPP/RNBQKBNR b KQkq - 1 3,42
2r3nr/1p6/p3k1Bp/P1PpP3/8/6PP/4PK2/R5NR w - - 1 27,664
5q2/3k1n2/b7/p7/P1P3P1/7B/R3P3/4K3 w - - 0 34,-470
2r5/3k4/6p1/2P5/p4P2/3KP3/8/8 w - - 3 41,-537
1n6/1k5r/p5pp/B7/3N1PP1/b7/3K4/1N6 b - - 2 37,509
1r3k2/p7/1p1p3p/5b2/P1P4N/1R6/1B6/3K4 b - - 1 38,-103
1rb2k1r/p2p1n1p/5p2/7P/1P3p1P/B1P5/P2P1K2/RN1Q1B1R w - - 5 27,721
2b2knr/np6/8/3P1pPp/1P6/8/P1PP1PP1/bNBK4 b - - 0 23,694
rnbqkbnr/p1p1p1pp/3p1p2/1p6/1P1P4/2P5/P1Q1PPPP/RNB1KBNR b KQkq - 0 4,-135
rnbqkbnr/pppp2pp/5p2/4p3/P1P5/7P/1P1PPPP1/RNBQKBNR b KQkq - 0 3,13
rnbq3r/pppp1ppp/5kn1/4p3/2P3PP/B7/R2PPP2/1N1QKBNR w K - 1 10,640
4kb1r/rp2pp1p/p7/5Pp1/6P1/P1NB3P/1P3R2/R1K5 b - - 0 21,-484
8/8/1p4p1/4kbP1/P1r4P/2P1K3/6R1/5N2 w - - 11 40,4
1r1qk2r/p2p1ppp/n6n/1pp2p2/8/BPP2K1P/3P1PP1/RN3BNR b k - 2 13,590
4rk1b/8/3pp3/Pp6/8/P6R/4P3/5K2 b - - 4 39,470
r1bqkbnr/1p1pp3/8/2p2P2/p6p/2PP1N2/PP1N1PBP/R1B1K2R b KQkq - 1 12,510
4k1nr/5p1p/p1K4b/4p3/4P2P/N5N1/8/8 b - - 0 29,588
rnbqk1nr/pppp1p1p/6pb/4p3/1P2P3/N7/P1PP1PPP/R1BQKBNR w KQkq - 0 4,8
1nk2bnr/r7/p1bp3p/Np2p3/1P5P/PQ1PB1P1/2B1P3/3K4 b - - 0 24,-35
rn1qkbnr/pp2pp1p/3p4/2p3p1/8/N1P2P1B/PP1PPK1P/R1BQ2NR b kq - 0 6,-360
rnbqkb1r/pppppppp/8/8/4n2P/8/PPPP1PP1/RNBQKBNR w KQkq - 0 3,-136
Rn2rb2/4kpp1/1p2p3/2p4P/4P3/8/2PNNPP1/2B1K1R1 b - - 1 22,-728
rnb1kb1r/pppp1ppp/7n/P3p1q1/8/7P/1PPPPPP1/RNBQKBNR w KQkq - 1 4,182
r1bqkbnr/ppppppp1/2n4p/8/8/2N3P1/PPPPPP1P/R1BQKBNR w KQkq - 2 3,49
3r3r/1p2pk2/p6p/2p4P/P4P2/1n6/K7/8 b - - 1 32,836
5R2/8/Q1n2p1k/2p4p/5P2/6K1/3PP2P/3R4 b - - 0 37,-832
rn2kbnr/5pp1/pp1p3p/5q2/P4P1P/8/1PPPP1P1/1RBQKBNR w Kkq - 3 10,391
rnbq2n1/p1pkb1pr/3p3p/1Pp2p2/5P2/8/1P1PP1PP/1NBQKBNR w K - 1 10,-345
5k2/6n1/2n1q1P1/1p1p4/1P1P1P2/2P1P3/1B3PK1/6N1 w - - 1 33,-533
r1b1k1nr/p2p1p1p/n1pb4/qp4p1/4PN2/2PP4/PP3PPP/R2QKB1R w KQkq - 0 10,-441
6R1/2k5/5pp1/p5r1/P3p2P/7P/1P6/1K1R4 b - - 1 37,-576
1nbqr3/r2p4/1pp2b1p/2k5/p3P1P1/P4P1B/1PP3KP/RQ3R2 w - - 0 25,-285
8/8/p4k2/p1p5/2P4P/1P2bN2/P7/3K4 w - - 3 36,352
B1b3nr/B2pk2p/n4p2/8/6P1/1P1P3N/2PK3P/7R w - - 1 25,616
8/1B6/7N/pP2R3/7Q/8/k1P5/4K3 w - - 0 36,967
rnbqkb1r/ppp1pppp/7n/3p4/8/4P1P1/PPPP1P1P/RNBQKBNR w KQ - 1 5,27
rnbqkbnr/ppp1pppp/8/8/3p2P1/N7/PPPPPP1P/R1BQKBNR w KQkq - 0 3,-120
rn1k2nr/p1p2p2/3p4/1P6/7p/2P1P2P/2P1KP1P/R1B2B1R b - - 0 14,-414
rnbqkbnr/ppp2pp1/8/3pp2p/PP6/5P2/2PPP1PP/RNBQKBNR w KQkq - 0 4,-170
rnbq4/3pk3/p4p1r/3p4/8/3P1Pp1/4P3/1N2K1NB w - - 1 29,-858
1k4nr/5p2/8/1Bn5/8/P5pb/8/4K3 b - - 1 39,804
8/5k2/1P3p1p/8/b3PN2/3PKP1P/4B3/1N5R b - - 3 33,-902
r1bqk1nr/2ppp1bp/5p2/1p6/3P4/P7/1P1PPPPP/1RBQKB1R w Kk - 1 12,-244
1nb2b2/1p6/8/r2pk3/P4r2/1PK5/8/8 w - - 0 36,-932
r1bqk1nr/pppn3p/3p2p1/4p3/5pP1/1P1P1P2/P1P1PK1P/RNB1QBNR b kq - 1 11,572
1rbqkbnr/p1pppppp/2n5/1p6/7P/P1P1P1P1/1P1P1P2/RNBQKBNR b KQk - 0 5,106
rnbqk1nr/ppppbppp/4p3/8/8/P5P1/1PPPPP1P/RNBQKBNR w KQkq - 1 3,-8
1q1k1bnr/6p1/5p1p/N7/1p5P/2N3PR/P2PPP2/R1B1K3 w Q - 1 23,677
1nb1k1nr/3p2pp/r4p2/p7/P1p5/2P4N/4PPPP/RNB1KB1R w KQk - 0 13,716
8/2bpkp2/1p4p1/4p2n/2PPR3/2N2P1P/8/5K2 b - - 5 34,118
rnbqkbnr/p1ppp2p/1p6/5pp1/8/1PN2NP1/P1PPPP1P/1RBQKB1R b Kkq - 1 5,21
3k1b2/5Pp1/1pb5/4p3/1p2N3/3B4/1P1P1K2/2r5 w - - 0 30,-575
r7/p3k3/1r6/2ppPPPP/8/5N2/1b6/3K2N1 w - - 0 34,-356
1n5n/3k4/4p1p1/P2p1b1p/2pP1P1P/5RP1/3K4/2B5 w - - 2 32,-307
rnbq1bnr/1pp1k1pp/p2ppp2/8/1P4PP/P1P4B/3PPP2/RNBQK1NR w KQ - 1 8,133
r1bqkbnr/p1pppppp/1pn5/8/7P/N1P5/PP1PPPP1/R1BQKBNR b KQkq - 2 3,75
rnbqk1nr/p1pp1ppp/1p6/4p3/6Q1/4P2N/P1P2PPP/RNB1KB1R b kq - 1 6,-323
3bk3/3p1p1r/R4np1/3p4/5P1p/4BN2/4P1PP/4KB1R b - - 0 24,-471
rnbqkbnr/p1pp1ppp/1p2p3/8/8/6PN/PPPPPP1P/RNBQKB1R w KQkq - 0 3,40
rn1qkbnr/p1ppp2p/1p3pp1/8/4b2P/N7/PPPPBPP1/R1BQK1NR w KQkq - 0 6,-84
8/3k1p2/b4n2/3p3p/2p2P1P/2P3P1/1P2P2N/3K2R1 b - - 5 40,-421
r1bb1k2/p7/2n1p3/4p3/8/1Pp3pP/P7/4K2R w - - 0 40,-739
rnbqkb1r/pppp1ppp/5n2/4p3/P7/1P6/2PPPPPP/RNBQKBNR w KQkq - 0 3,-101
r1bqk1nr/3pb2p/pp1p2p1/2p5/8/2PP2P1/P2P1P1P/R1B1KBNR b KQk - 0 12,791
4kb1r/2pnp1pp/5p2/pr6/8/PP1K4/3P1PPP/RNB2BNR w - - 0 19,715
rnbqkbnr/p1ppp1p1/1p3p2/7p/7P/2PP4/PP2PPPR/RNBQKBN1 b Qkq - 0 4,44
1r2qb1r/pk2n2p/n1p2p2/1p3p2/2pP4/P3B1PP/1PP2P2/2RQK1NR w - - 0 20,-591
1rbq1knB/ppppp3/5p1p/8/2P3P1/N2P4/P2P1P2/2RQKBNR b K - 0 13,-719
5knr/p3bp2/3pp2p/p7/b5P1/5P2/3P2BP/4K1NR w - - 0 26,-595
r1bqkbnr/4p2p/1pp2p2/p6p/3P4/P4N2/4PPPP/R1B1KBR1 w Qkq - 0 13,-694
2nq1r2/1ppn3k/2b5/6p1/2p5/4P1PP/2P2P2/4K3 w - - 0 33,-967
5bn1/1p2k3/1p3p2/7b/2P1P3/1N6/2n5/5KN1 w - - 6 25,-650
r1bqkb1r/ppppn2p/4p1pn/8/2P5/8/PP1PPKPP/RNBQ1BNR w kq - 0 7,-158
rn3bn1/1p2k1p1/3pbp1r/p7/2p5/5NP1/PP2PP1P/R1K2B1R w - - 0 13,-688
2k4r/q6p/3P2p1/4p3/7K/1P5P/3P4/8 b - - 0 34,5000
r2qkbnr/pppnpppp/3p4/5b2/7P/P1N3P1/1PPPPP2/R1BQKBNR w KQkq - 1 5,337
r1bk1r2/ppp2p1p/6pB/4n3/7P/PN6/P1P1PPP1/R1N1KB1R b KQ - 0 14,-698
rnbqkbnr/ppppp1pp/8/5p2/3P4/4B3/PPP1PPPP/RN1QKBNR b KQkq - 0 3,-15
2rn4/3k4/pp6/3PR3/P2P4/6Pr/1P1K4/R3B3 w - - 1 36,309
rn2kbr1/1p2n1pp/2p1pp2/p7/2P4N/4P2P/P2NKP2/R1B3QR b - - 3 13,-625
N7/B7/5kn1/1p1pp3/1P4P1/PP2Pp2/5K1R/8 b - - 5 36,-684
8/k2pr3/4p3/r2n3p/p2p3P/N6R/5P2/5K2 b - - 3 31,771
r1bqkbnr/ppppp1p1/n4p1p/6N1/1P6/3P1P2/P1P1P1PP/RNBQKB1R w KQ - 1 6,-62
1rbq1bnr/pppppk1p/2n5/2P2pp1/8/PP3P2/3PP1PP/RNBQKBNR w KQ - 1 6,35
r2k2nn/p1p5/1p6/6pr/P7/1P1PKPPb/3B3P/1R4R1 b - - 2 24,558
2b5/1p1p2p1/7r/2k2P2/7p/7P/Bb1K2P1/7R w - - 3 39,-483
r1bqkbnr/p1pppppp/np6/8/5P2/P6P/1PPPP1P1/RNBQKBNR b KQkq - 0 3,145
2k5/2p1pp2/p7/5P2/2p1P3/P7/6RP/b2B1K2 w - - 0 30,546
8/kr3p1p/pp1PN1p1/8/2P3P1/5P2/PK2B1P1/R2R4 w - - 1 29,896
r1b4r/1pkp1Pbp/p6p/8/2p1P1PP/P7/R4KB1/1N4NR w - - 1 19,397
1R6/8/7n/4B2k/2P2P2/b3P1pB/4K3/6N1 b - - 2 35,-749
1n6/p7/1ppk4/8/P2PP1Pp/8/4K1P1/Q3R1N1 b - - 0 34,-927
rnbqkbnr/pppp1p1p/4p3/4N1p1/8/5P2/PPPPP1PP/RNBQKB1R b KQkq - 0 3,76
r6r/5nkp/p1p2p1n/8/6P1/3PP3/4K2P/3RNB1R w - - 1 33,66
5k2/7n/8/8/2B5/p3p1P1/P3P3/3K2N1 w - - 0 41,592
rnb2br1/pp1kp1pp/7n/3p4/PP4pP/8/R2PKP1R/1NBQ4 b - - 0 19,-109
r1b1k1n1/2P1p3/1p4p1/pP6/8/3N1qp1/P1PK4/RNB2B1r w - - 0 27,-748
4rb1r/pN1b1B2/7p/P1p1p1k1/8/4P1K1/RPP3PP/2B3R1 b - - 0 24,-487
5R2/2pp4/4k3/P4p2/1P3p2/2N5/2PK4/R1B5 b - - 0 30,-797
rnb1kb1r/ppppqppp/7n/4p3/1P6/2N1P3/P1PP1PPP/R1BQKBNR w KQkq - 1 4,25
r2qkb1r/p1p1pp1p/b2p1np1/2p5/P7/1P2P2P/R1PP1PP1/1NQ1K1NR b Kq - 1 10,788
2b1k3/2pp4/n3p1Nr/2b3pp/2P1P3/3B3P/1P4P1/1N3K1R w - - 2 24,-264
2b1kb2/3pp1p1/8/5p2/6np/5N1P/P3P1K1/1R3BR1 b - - 1 29,-576
N5n1/1p6/3p3r/p6p/1b1P3P/4r3/2K1k3/R7 b - - 3 37,958
2b2b2/6p1/2ppk3/1p3p1P/1P3P2/2P4P/R3P3/2BK1B1R b - - 0 25,-820
rn6/p7/8/6k1/8/N1P3P1/3PK1P1/2B5 b - - 0 37,10
1n1qkbn1/3pp3/4r1P1/p7/3P2P1/N1P1Bb2/PP1K1P2/R7 w - - 1 18,-797
rnbqkbnr/p1pppp1p/1p6/6p1/1P6/B6N/P1PPPPPP/RN1QKB1R b KQkq - 1 3,8
r1b1k2r/1p1nnpbp/p5p1/2p1p3/4Q3/PP3PPN/N2PP2P/R1B1K2R b KQkq - 4 11,-463
3q3r/r1pn1k1p/p2bpp2/8/P7/1PPP1P1P/6P1/RNB1K1R1 b Q - 0 17,907
rnbqkb1r/2pppppp/5n2/pp6/3P4/2PQ1P2/PPK1P1PP/RNB2BNR b kq - 2 6,135
4k2r/8/1pn5/p2Ppn2/P1Pp2K1/1P6/3PB3/RNB2R2 b k - 2 26,-453
1rbqkb2/pp1pp3/5pN1/2p5/P3P1R1/2P5/1PQP4/RNB1KB2 b Q - 0 15,-614
1n2kbr1/4pnpQ/8/1p1P4/1P3P2/4P1PN/5R1P/2R4K b - - 0 23,-875
2k5/8/rpp5/4b3/4Np2/8/3P4/2B3K1 w - - 0 40,-597
k7/8/5p1p/3p3B/P2P1PR1/8/4P3/5RK1 b - - 2 40,-807
2bn4/3k4/p7/5P2/pP6/8/2P3p1/R2K4 b - - 0 37,735
rn3b2/p1pnk1p1/5p2/1P2p3/P3p3/8/RPN2PP1/4K3 w - - 3 27,-505
1nb1kr2/2p1p2p/5p1n/3r4/P6P/8/1PP1K3/R1R5 b - - 1 28,853
r4r2/pp5k/6p1/3Np3/1R6/N1P5/P7/4K3 b - - 0 30,-4
r7/4kp2/8/1Pp1p1P1/7p/2p1N2P/7P/5K2 w - - 2 38,-501
7n/3k3p/p4p2/3bp3/1Q5P/P4PP1/1R2P3/6KR w - - 5 32,937
r2qkbnr/3p1p1p/Bp2p1p1/4P3/6P1/N4N2/P2P1P1P/R1B1K2R w KQkq - 1 13,-453
4kn1r/6pp/1PP1p3/8/2p5/N3n2P/8/2K3NB b - - 1 32,-55
1r3knr/2B2pp1/p2p4/1p4Pp/5P2/N6B/P3Q3/R2K2N1 b - - 5 20,-969
4kbnr/4pp2/6p1/1p2P2p/2p2B1P/Q4P2/PP2BK1P/RR6 b k - 1 26,-839
5k1r/6p1/3b3p/7P/1n6/8/8/3K4 b - - 5 38,618
8/5nB1/4N3/1P5p/2r1k2P/8/7R/7K w - - 0 38,418
rnbqkbnr/1ppppppp/8/p7/7P/7R/PPPPPPP1/RNBQKBN1 w Qkq - 0 3,-21
1n2kb2/1p3pp1/6n1/1p1p4/1P4b1/4P3/3B1KP1/1N3R2 w - - 1 30,-459
3r3r/2kn1p2/p7/2P5/8/PP6/5P1n/7K w - - 2 31,-771
rnbqkb1r/p1pppppp/1p3n2/8/7P/PP5N/2PPPPP1/RN1QKB1R w KQq - 0 7,-638
rnbqkbnr/ppp1pp1p/3p2p1/8/8/N4N2/PPPPPPPP/1RBQKB1R b Kkq - 1 3,57
2b5/1p3kpp/3p4/p3p3/7P/P6N/RP2KB2/8 w - - 4 29,530
rn2k1nr/4p3/3p4/5p1p/q2P4/P1P2P2/RB2K1PN/1N4R1 w k - 0 25,-661
rnbqkb1r/2pppp1p/p6n/1p4P1/8/P1N3P1/1PPPPP2/R1BQKBNR b KQkq - 0 5,-420
rnbqkb1r/1ppppp1p/p7/3Q4/5p2/2PP4/PP2P1PP/RNBK1BNR b kq - 1 6,-400
rnbqkbnr/p1ppp1pp/8/1p3p2/7P/7R/PPPPPPP1/RNBQKBN1 w Qkq - 0 3,33
rnbqk1nr/2pp1ppp/p7/Pp2p3/4P3/N6P/1PPP1PP1/R1BQKBNR b KQkq - 0 5,-493
r1bqkbnr/1p1ppppp/n1p5/8/5P2/4P2N/PPPP2PP/RNBQK2R b KQkq - 1 4,572
r1bqkbnr/pppp2pp/n7/4pp2/7P/N1P5/PP1PPPP1/R1BQKBNR w KQkq - 0 4,15
rnbqkbnr/p1pp2p1/1p2pp1p/8/2N1PPP1/3B4/PPPP3P/R1BQK1NR b KQkq - 1 7,93
B7/8/2P5/6k1/2P1p1p1/8/6KP/3R4 w - - 6 39,673
5b2/4np1p/4k2n/2p2p1P/p7/P2PP2N/8/3NK3 w - - 0 29,-445
rnbq1bnr/3kp1pp/1p3p2/3p4/p2P1P1P/N1P1B3/PPQ3P1/R3KBNR b KQ - 1 12,-196
1n1qk1n1/8/2p5/8/8/1b1p4/1B1P1PPP/1N3KNR w - - 0 24,-489
rk1N2n1/4pr2/8/p3P2p/P7/1PRPN3/7P/4K2R b - - 1 30,-430
1nb1kbnr/rpp2ppp/3pp3/p7/5P1P/1PN5/P1PPP2P/1RBQKBNR b Kk - 0 6,-640
rn2kbnr/ppp1pppp/3pb3/8/4PP2/P2PB3/1PP3P1/RN1QKBNR b KQkq - 0 6,-699
7n/r7/p1b2P1k/Pp2p1p1/8/4P3/3P4/1K6 b - - 0 39,839
r1bqkbnr/ppppppp1/n6p/8/8/N1P5/PP1PPPPP/R1BQKBNR w KQkq - 0 3,54
r1b4r/4bp1p/1pp2n2/4k3/2PR4/8/p3PPP1/2K2B2 w - - 4 26,-976
8/8/nP2k2P/3p1p2/1p3P2/5P1P/8/4K3 w - - 1 38,591
rn5k/5p2/1p6/p1n2N1p/8/7P/P1P3B1/R2KNR2 b - - 0 24,-706
r3k1nr/2p5/p6p/5p2/NQp2P2/P6N/4pP1P/1RK4b b kq - 0 22,-131
7k/B1p2r2/6pn/5p1p/p6P/4P2P/1RP2K2/1N4NR b - - 0 27,-779
8/2k1p3/p7/5PP1/pP1pP3/3P4/4n1PK/8 b - - 0 38,265
rn2kbnR/pb3p2/2ppp3/1p4P1/8/1P5N/P1PPP1P1/RN1QKBB1 b Qq - 3 11,-806
5k2/2pBnpb1/7r/8/3p3P/1P3P2/N2P3P/R2R2K1 w - - 0 25,599
5R2/2k5/2p4R/3p4/3p1K2/1P1P2P1/P7/6N1 b - - 0 39,-814
rnbqkb1r/ppppp3/5n2/6Pp/3P4/P6N/1PP1P1PP/RN1QKB1R b KQkq - 2 6,144
rnbqkbnr/1ppp2pp/p3p3/5p2/7P/NP6/P1PPPPP1/R1BQKBNR w KQkq - 0 4,-35
rnbqkb1r/pppppp2/5n1p/8/3P4/4B2P/PPP1PPP1/RN1QKBNR b KQkq - 2 4,-195
7r/7k/3b3B/pP6/4KN1P/1P6/P6R/R4B2 w - - 0 36,752
rnbqk2r/1ppppp1p/7n/8/p5P1/5N1B/PPPPP2P/RNBQK2R w KQkq - 0 7,599
1n6/5r2/1bp5/3kp3/pP6/2Pp4/6P1/2BK4 b - - 0 37,852
1n6/5P2/3P3n/8/1p5K/rk6/8/8 w - - 1 40,77
rnbqkbnr/ppppp2p/6p1/5p2/2P5/7P/PP1PPPP1/RNBQKBNR w KQkq - 0 3,57
5b1r/qp2p1p1/2p1bn2/3p3p/1P3Pk1/3PP3/2P3PP/1NB1KR2 w - - 2 17,-544
4k2N/p1p4p/Pp3R1B/2r1p3/1N2P1P1/1P6/1K6/7R b - - 2 35,-869
r1b2b1r/6p1/p7/1ppk2Pp/7B/3P4/P4P1P/4KR2 w - - 0 27,-707
8/2kp1p2/7p/2p5/2P2P1p/7P/3P1K2/B7 w - - 1 41,531
1n3k2/3p4/8/P7/pp1b2K1/3B4/4P3/3R4 w - - 0 41,220
7b/rb1k4/p1p1p2p/p6P/4P3/PPP5/7N/RN1KR3 w - - 1 28,568
r1b1kbnr/ppq1p1p1/2p4p/5p2/1P6/2Pp1P1P/PB1P2P1/RN2K1NR b KQkq - 1 11,904
8/5N2/8/P3Q3/2k5/R1Pp1p2/7P/1N2K3 w - - 4 39,5000
r1bqkbnr/pp1ppppp/n1p5/8/2PP3P/8/PP2PPP1/RNBQKBNR b KQkq - 0 3,-58
r1bqkbnr/pppppp1p/n7/6p1/3N2P1/1P6/P1PPPP1P/RNBQKB1R w KQkq - 0 5,68
rnb5/1pppk3/p7/7K/8/8/PPPnp3/R7 w - - 0 26,-803
1r2r3/p3n1k1/7p/n7/4P3/5PPP/2PN1RK1/8 b - - 5 31,633
r1b1k1nr/pppn1ppp/4p3/3q4/8/5PP1/P2PP2P/R1BQKBNR w KQkq - 1 7,-42
rnbqkbnr/1ppppp1p/p5p1/8/4P3/N4N2/PPPP1PPP/R1BQKB1R b KQkq - 1 3,-13
rnb1k3/7r/4p3/2p5/p1P1PP2/6K1/PP2B1P1/2R5 w - - 1 32,-513
rnbqkbnr/p2ppppp/1p6/2p5/Q1P5/4P3/PP1P1PPP/RNB1KBNR b KQkq - 1 3,17
5k2/4n3/8/4B3/8/2P1P3/KP3P2/8 w - - 8 39,542
2bk1b2/r2n4/1ppp2B1/6p1/8/4PP1P/1PPPQ3/2B1K2R b K - 1 22,-480
5b1r/1k1n2p1/1p2pn2/p6p/P1P2K1P/8/1P3P2/R1B3NR w - - 0 22,185
3rk3/2n5/5np1/p2pp3/8/b1P5/3B4/RN1K3R b - - 1 26,10
4k1n1/r1p4r/bp6/n4p1p/7P/5PP1/P1K1P3/6NR w - - 4 27,-797
r1bqkbnr/p1pppppp/1p6/8/1n6/4P1P1/P1PP1P1P/RNBQKBNR w KQkq - 0 4,-69
rnbqkb1r/1ppp1ppp/p4n2/8/1P6/2P2P2/P2PP1PP/RN1QKBNR w KQkq - 1 7,-548
r1b1k1nr/2pp1pp1/6np/p3pP1P/8/1P5N/RB1PP1P1/1N1QKB1R b kq - 2 16,-805
rnbq1bnr/1ppppkpp/p4p2/8/1PP5/P7/3PPPPP/RNBQKBNR w KQ - 1 4,206
8/8/1p4k1/p3p2b/P2p4/PK6/8/6r1 w - - 6 39,-777
rnbqkbnr/p2pp1pp/1pp5/5p2/1P6/5PP1/P1PPP2P/RNBQKBNR w KQkq - 0 4,19
r2k1b1r/ppqbp2p/2n3p1/5p2/7P/2P1PP2/PP4P1/R1B1KBNR w KQ - 0 10,-689
rnbqkbnr/pp1pp1pp/5p2/2p5/2P5/2N1P3/PP1P1PPP/R1BQKBNR b KQkq - 1 3,-93
4kb2/1qr5/4b3/pP5r/7P/5P2/P1P1K1P1/R7 w - - 1 30,-1022
6n1/2p4r/2Pkp3/pP4P1/1N2P3/1PP2r2/3K4/8 w - - 2 39,-627
2k5/r1p3p1/2R1Pp1n/p2p4/8/P2PP2P/8/5BKR b - - 0 28,-566
r1bqkb1r/p1p1pppp/p7/3p3n/8/2P1PN2/PP1P1PPP/RNBQ1KR1 b kq - 1 6,42
8/pr2pk2/1pp5/3p1p2/P2P4/NP3PPN/2P1BP1P/3R1K2 w - - 1 25,925
rnq1kbnr/1ppbppp1/3p3p/8/p6P/4P3/PPPPQPP1/RNB1KBNR b KQkq - 1 7,113
2bq3r/7p/3p1k2/1p6/1N2p3/B5P1/P3N1K1/R4B2 b - - 1 28,189
r4bk1/4p3/1np5/p4P1p/7p/1P1P1R2/N3N3/6K1 b - - 0 38,325
rNb1k2r/pp2qppp/3b4/2pn2P1/8/5P2/P1PPP2P/R1BQKBR1 w Qkq - 1 12,-419
6n1/8/nP1kp2p/8/1bp2P2/6RP/4K3/8 b - - 1 35,501
rnb1kbnr/pppp1ppp/4p3/8/8/7P/PPPNPPP1/R1BQKB1R b KQkq - 0 4,-474
2b2b2/2k1p3/p2p4/8/2PN2p1/P7/1R1P1P2/2B1KB2 w - - 0 34,622
rn1k1B2/1p5p/p3p3/8/8/P3PP2/6KP/5R2 w - - 1 30,58
rnbqkbnr/1p1ppp1p/2p3p1/p7/5PP1/BP6/P1PPP2P/RN1QKBNR b KQkq - 1 4,190
5r2/2k4p/5pp1/8/5PPP/4R3/r2N2B1/6BK w - - 1 41,585
r4k2/p1r4p/p1p5/2P5/P3n1P1/B3P3/1K6/2N5 w - - 6 32,-632
2bqkbnr/2pnp1pp/5p2/4p3/1pp5/5PKN/R1PP2PP/1NBQ3R w k - 0 11,-300
2r2bnr/2pkp3/p2p3p/5p2/1P3P2/2P1P2P/P2P4/RNB1K1NR w KQ - 0 13,445
2k2b2/5p2/2np2p1/8/4P3/3n4/7K/r7 w - - 2 38,-744
5b1r/1pp1p3/3q1pkp/R7/2r5/5P1N/3P2K1/2B3R1 w - - 4 26,-624
r3kbnr/pppqp1p1/7p/P2P1p2/8/N4P1N/P2PP1BP/R1BQK2R w KQkq - 0 9,748
4k1r1/4bp1p/2ppp3/5np1/P1P5/3PP3/5P1P/2RK1B2 w - - 1 31,-353
2r1k3/2p5/p4p2/p4P2/4pP2/8/7K/2q5 w - - 2 39,-770
4k1n1/4n2r/2rp3b/p4p1p/Q1Pp3P/N7/P3K1BP/R6R b - - 0 24,-535
rnbqkbnr/p1ppp1pp/1p3p2/8/2P5/4P3/PP1P1PPP/RNBQKBNR b KQkq - 0 3,-78
rnb3n1/b7/1p3pk1/1P6/4p3/4P3/PP1K4/RN3B2 b - - 0 30,475
r1bq2n1/2np2p1/4pp1r/5k2/1b4pP/3K4/3PP3/5BNR w - - 0 24,-919
r3kbn1/2p3p1/4pp1r/pn6/b5P1/1N2PP1N/PP6/1RBK4 w - - 0 20,-844
4k3/p1B5/n6P/3p4/2N3P1/4PP2/b3N3/4K3 w - - 0 38,709
2k5/1p1p2p1/2n4p/4p2P/2B5/2b1P3/2P2KPR/2B5 w - - 0 21,498
6RB/7p/4b3/8/r1p1pq2/5k1p/2K4P/8 w - - 0 35,-858
rnbqkbnr/p1pppp1p/1p4p1/8/2P5/2N5/PP1PPPPP/R1BQKBNR w KQkq - 0 3,88
4k3/8/5p2/1Pp1p2b/R3P3/2K5/1P1N4/8 b - - 1 40,-584
r1bq1bnr/pppppkpp/8/5p2/7P/3P4/P1PN1PP1/R1BQKBNR w KQ - 1 6,469
4kbnr/1n2p2p/8/3P1pP1/P1pP1P2/8/7K/RNB2R2 w - - 1 28,549
r1b5/p4n2/3P4/Pk1P3p/8/2B1K1PN/6B1/RN1R4 w - - 0 36,883
rnbqk1nr/p1pppp1p/1p5b/6p1/8/2P2P1P/PP1PP1P1/RNBQKBNR w KQkq - 1 4,107
8/3k3p/5p2/2P1p3/7p/B3P3/1r6/5K2 b - - 0 35,613
r1bq1bnr/pppkp3/8/4pp1p/3n3p/P3B2R/1PP1PPP1/RN1QKB2 b Q - 1 10,406
rn1qkbnr/p1pbpppp/1p1p4/8/8/1P2P2P/P1PP1PP1/RNBQK1NR w KQkq - 1 6,-555
8/5k2/p1B4p/4p1p1/2P5/P6P/5r2/3RK3 b - - 0 33,-402
4k3/R5BB/6P1/8/4P3/1PP3P1/3pNK2/8 b - - 0 35,-699
r1bqkbnr/1p1pp1p1/n4p1p/p1p5/2P1P3/N7/PP1P1PPP/1RBQKBNR w Kkq - 2 7,5000
2bk2n1/3p4/8/1p1pprp1/6p1/1n1r4/4K3/8 b - - 2 34,1148
rnbqkb1r/1pppppp1/5n1p/p7/2P2P2/P4NP1/1P1PP2P/RNBQKB1R b KQkq - 2 5,-62
4k3/2p1r1b1/3p4/1p6/1P1P4/4NbP1/1K1P4/8 w - - 4 34,-644
8/1p6/5kp1/2B5/PP1p1P2/8/7P/R2KR3 b - - 0 36,-772
1rbqkb1r/p2ppppp/1p5n/2p5/8/N2P4/PPP1PPPP/R2QKBNR w KQk - 0 5,-97
2bk1b1r/1rppn2p/1p1p2p1/6n1/p7/7P/PPPP1P1R/R1B1K1N1 w - - 0 18,-669
1n1k4/7p/8/p1P5/P6P/8/3K2b1/4RN2 w - - 2 37,417
7r/4n1p1/2n4p/1pkp4/6bP/4P3/1b6/6K1 w - - 0 39,-966
rnbqkbnr/1pppp1pp/p7/5p2/3P4/6P1/PPP1PP1P/RNBQKBNR w KQkq - 0 3,95
r1bqkbnr/p1pppppp/np6/8/8/P6P/1PPPPPP1/RNBQKBNR w KQkq - 1 3,83
1nb2b1r/rp1pk2p/5p2/pN2p3/P7/1P5P/2P5/1R1K1BNR b - - 0 20,317
3r3r/Bpk2p1p/3p2pn/4p3/2P5/3P2PB/P2K4/3R2NR w - - 3 21,501
r1b2bn1/ppp4r/4k2p/2Pq1p1P/8/P1P5/3BP3/RN1K1BNR w - - 1 17,-609
rnbqk1nr/ppppbppp/4p3/8/8/2N5/PPPPPPPP/1RBQKBNR w Kkq - 2 3,19
rn6/ppp1k1b1/3p1p2/8/P3q3/6P1/1PPP1K2/R1B5 w - - 0 22,-801
1rb1kr2/pp2n3/4pq2/8/6P1/1P3P2/P3K3/3R2N1 w - - 1 28,-981
2bqk2r/rppp4/p5P1/3K4/2P4p/P1BP3P/1R2PP2/5BNR b k - 0 24,439
r2qkbnr/pbppppp1/np5p/8/5PP1/P1P5/1P1PP2P/RNBQKBNR w KQkq - 1 5,-90
1r3b2/pb1r4/6k1/1PPNp3/3p4/3P3P/1P6/1RBK3R w - - 1 28,114
r3kbn1/2p1ppp1/p2p4/1p2n1p1/8/BP2P2R/P1PP2KQ/RN6 b - - 2 18,-475
6n1/p1k3p1/5p1r/7p/4P3/RP5N/2P2N1P/2B2K1R b - - 0 30,-859
1n4n1/3r2kr/p5p1/2ppK1Pp/P6P/1PP2Q2/R2B1P2/1N5R b - - 1 29,-495
r3k2r/p1pp1n1p/4b1p1/8/P3p3/R1P1P1P1/2P2K2/2B5 b kq - 0 25,899
2b5/4k1p1/6n1/1N6/3p1p2/8/P2R4/4K2n b - - 0 40,337
6B1/1Q4b1/4pk1p/7P/p2P2pP/8/3KPP2/R7 b - - 0 38,-5000
1r3b2/1kpbppp1/3p1n1r/7p/1PPP4/5P2/P2NP1PP/R3KBNR w KQ - 2 12,228
r2r4/1p1b4/p2k4/P6p/1P3b2/8/B7/R2K4 b - - 4 32,862
4kr2/2p2p1p/5P2/1N1Pp3/8/7P/1PP4R/1NB3KB b - - 0 26,-842
rnbqkbnr/pp2pppp/3p4/2p3P1/8/1P6/P1PPPP1P/RNBQKBNR b KQkq - 0 3,159
1n1qkb1r/r1ppp1pp/b6n/1p3p1P/3P3N/B1Q5/P3PPP1/RN2KB1R b KQ - 0 12,185
4r3/2n4p/2P2k2/8/4P3/NK5P/8/7B w - - 0 41,-15
rnb1kb2/1p2pppr/2pp4/p6n/P2P4/N3BP2/1PP1P2P/R3KBNR b KQ - 0 12,342
r1bqkbr1/pppppppp/2n2n2/8/P3P3/5P2/1PPP2PP/RNBQKBNR w KQq - 1 4,190
rnb3nr/pppp1kp1/4pq2/2b4p/P7/4P3/1PPP1PPP/RNB1KBNR w KQ - 4 7,-586
rnq1kb1r/4pp1p/1Bpp4/p6p/5P2/NPP3P1/P3P3/R2QK1NR b KQ - 0 15,-187
r1bqkbnr/p1pppppp/2n5/1p6/5P2/3P4/PPP1P1PP/RNBQKBNR w KQkq - 1 3,75
rn1q1bnr/2p2k1p/pp1p1p2/7P/Q1P1P1p1/P1N3P1/1P1P3R/R1B1KB2 b Q - 1 12,-205
r4b1r/7p/bpn3n1/8/5p1k/N7/1P1K4/1R6 w - - 0 30,-798
rn1k1b1r/1pq1pp2/6pp/pBp1p3/4P3/P1P4P/1B1PN1P1/R4RK1 b - - 0 15,506
1n5Q/rp5p/p1pP3k/8/P3P3/7P/bPP3P1/2K2B1R b - - 0 27,-916
rnb1k1r1/1ppp2bp/6p1/p4p2/5P1P/1PN5/P1PKP1PR/R2Q1BN1 w q - 1 14,789
rnbqkbnr/ppppp1p1/5p1p/8/1P6/2P5/P2PPPPP/RNBQKBNR w KQkq - 0 3,154
rn1q1bnr/pppkpppp/8/5b2/8/N7/PP1PPPPP/R1BQKB1R w KQ - 3 6,-371
8/2k2p2/1R6/8/1P1P4/N6B/4K2P/8 w - - 4 29,796
rnb1kbr1/pp1ppppp/7n/q1p5/8/8/PPPPPPPP/RNBQKBNR w KQq - 6 5,52
1n6/8/5k2/1pp5/8/1P3KR1/4N3/2B5 b - - 6 38,-617
3k1b1r/1p2p1pp/7r/p7/bnP4P/N7/PP1P1PP1/1RB2KNR w - - 2 24,262
3k2n1/3pp3/5pp1/8/2PP4/2K5/3B2B1/8 b - - 0 35,-285
2b1k3/p2p4/nb1p3n/2p5/P7/2PP2p1/4P1B1/RN2K3 b Q - 2 25,336
r1b2k2/pp1p3r/2p1p2p/8/5pQb/1PPP4/3P3P/BN3K1R b - - 1 21,-482
1k4r1/2NnB3/6p1/5p2/1P1K4/P1RP1P2/4P1PP/5BR1 b - - 5 33,-936
4k3/8/5b1p/3K1p2/8/3P4/6PP/8 w - - 0 36,-11
8/R7/6pn/2r5/2pp1P2/8/1PP2K1k/2B5 b - - 3 38,0
rnbqkb1r/p1pppp2/5n1p/1p4p1/1P6/2NPB1P1/P1P1PP1P/R2QKBNR b KQkq - 0 5,153
r2qkb1r/2p1pppp/5n2/p1n5/2P2P1P/2P1P3/P5PR/RNK3N1 b - - 3 20,1025
5br1/P2k2p1/2p3p1/5p2/5P2/p1PP4/P3RK1P/2N5 w - - 5 33,571
8/b5k1/8/4pp2/8/2P2P2/4K3/1N5R w - - 7 41,563
rnbqk1nr/pp1p1p1p/2p5/4p1pQ/4P3/P7/P1PPKPPP/R1B2BNR b kq - 1 5,87
rn2kbnr/p3p2p/5pp1/3N1b2/1pPp3P/5PR1/PP2P3/R1BQKB2 b Qkq - 0 12,-565
rnb2knr/1ppp2pp/p3p3/5p2/8/1PP2N1P/P2PPKP1/RNBQ1B1R w - - 0 10,849
7r/2pk4/6pP/4p3/R1P1n2P/1nb5/5P1K/6NR w - - 1 34,-238
3k4/p5p1/3bP3/7p/7P/4P3/3N4/2BK3n w - - 1 35,-33
1nbqkbnr/rp1pppp1/p1p4p/8/1P6/2N1P2N/P1PP1PPP/R1BQKB1R b KQk - 0 5,33
2b1k3/r4r2/3p2PR/p1p5/4Pp2/1P1P4/1P3KP1/R7 b - - 1 34,71
rnbk1bnr/pppqpppp/8/3p4/6P1/1P5N/P1PPPP1P/RNBQKB1R w KQ - 1 4,-37
6br/pp2b1pp/2n1p3/P7/3k4/1P4PK/2PP1R2/R1B5 w - - 1 27,215
rnbqkbnr/3ppppp/8/pp6/7P/2P1P3/PP1P1PP1/RNBQK1NR w KQkq - 0 5,-469
8/p1pk1nr1/3b4/1P4pp/8/5P1P/4R3/3K1R2 w - - 0 38,-354
rnbqkbnr/ppp1pp1p/3p2p1/8/8/4PPP1/PPPP3P/RNBQKBNR b KQkq - 0 3,73
rnbq1bnr/ppppk1pp/8/4Pp2/P7/8/1PPPP1PP/RNBQKBNR w KQ - 1 4,262
1nb2r2/3p3p/3k1p2/7P/3p1N2/3B2P1/4Q3/6KR b - - 0 31,-549
rnbqk2r/pppp1ppp/4p3/8/P3n2P/8/2PBPPP1/RN1QKBNR w Kkq - 3 8,324
rnbqkbnr/1ppppppp/8/p7/P7/2N2P2/1PPPP1PP/R1BQKBNR b KQkq - 0 3,22
rnbqkbnr/pp1pppp1/7p/2p5/4P3/P7/1PPP1PPP/RNBQKBNR w KQkq - 0 3,47
8/4k1p1/3Nb2p/8/8/4P3/3n1KP1/3B1R2 w - - 0 31,376
r1bqkbnr/pppp1ppp/2n5/4p3/P1P5/6P1/1P1PPP1P/RNBQKBNR b KQkq - 0 3,84
4r3/1N4R1/8/1p3p1p/1P2kP1P/8/1PP5/1R1K3N w - - 3 36,873
rnbqkbnr/1ppppppp/8/p7/P7/N5P1/1PPPPP1P/R1BQKBNR b KQkq - 1 3,-1
2kr4/1r1p4/1p5p/p1pPP3/8/2KP1NNP/PP4PR/1R3B2 w - - 4 25,978
2qk1b2/4p3/p1p5/2Pp4/5B2/pP6/5N1K/RN6 b - - 2 30,405
8/1k4N1/4R3/8/8/6PB/3KP3/8 w - - 5 41,716
2bk3r/2pp1B2/r7/1P4P1/p7/3P2P1/PB6/R2K2N1 b - - 2 33,-391
3Rbr2/5kp1/p1p5/P3p2p/4p3/7P/8/2BK2NR b - - 0 30,-499
7r/N5pp/2PP2k1/B7/2p3P1/5P1P/1RP1K2R/5BN1 b - - 0 30,-1045
1rb1k2r/p1n4p/2p1pp2/1pP5/8/1PN2N2/P2BPPPP/R2K1BR1 b - - 0 18,-674
rn1qkbn1/p3ppp1/1p3r2/2pp4/P7/1P1P4/R1PKPPP1/1NBQ1BN1 w q - 1 9,-298
rnbqkb1r/p1ppppp1/1p3n1p/8/2P4P/2R5/PP1PPPP1/RNBQKBN1 b Qkq - 1 4,160
rnbqkb2/pppppppn/7r/P6p/7P/R1P5/1P1PPPP1/1NBQKBNR b Kq - 2 5,-119
r1b1kb2/1ppn2p1/3pp2n/p4p2/2PP1P2/7P/1P1KP3/1RBQ1B2 w q - 1 19,337
2b3r1/4n1bp/7p/1p2kp2/1r1p3P/3R1P2/4PK2/6NR b - - 7 28,745
4r1n1/1pp5/p7/1k2p3/1P6/PP3P2/5K2/R5N1 w - - 2 34,4
rnbqkb1r/pppp1ppp/4p2n/8/8/3PP3/PPP2PPP/RNBQKBNR w KQkq - 0 3,36
8/3k2r1/6N1/3r4/p2p3P/5P2/PP6/4K2R w - - 0 33,-51
r3k2r/p2pp1bp/b1n2n2/5p2/1p1P4/N3PNP1/P1PK1P1P/R2Q3R w kq - 4 12,162
1nb5/3p1p2/5p2/7k/4PP2/2pPK3/6PP/R7 w - - 0 27,361
rn4nN/N3p2p/7b/2p3p1/P4kP1/1P5P/1BP1PP2/R3KB1R w KQ - 3 19,932
3k4/b7/n5p1/8/3P2P1/5P1P/5K2/8 w - - 2 41,-374
rnbqkbnr/1ppp1ppp/4p3/p7/8/2P2N2/PP1PPPPP/RNBQKBR1 b Qkq - 1 3,45
1n5r/2p1k1pp/5p1n/4p3/7P/P5KN/P3B1PR/R4N2 w - - 1 20,636
8/2k5/3r1p2/p2p4/P2P2P1/1P1P1B2/3N4/5K2 b - - 2 37,-376
1r2k3/r7/p1pp4/5p1P/PP6/1P1P3P/1q6/RN3B1K w - - 0 34,-806
8/8/5k2/7p/5p1P/8/6PR/3bK3 b - - 1 39,-121
3q1bnr/1pp1pk2/6pp/2np4/1p4B1/4P1PP/RP1P1P2/2B1K1NR w K - 0 14,-467
rnbqkb1r/ppppppp1/5n2/7p/8/3P2P1/PPP1PP1P/RNBQKBNR w KQkq - 0 3,62
r1bqkbnr/1pppp1pp/2n5/p4p2/2B5/P2PP3/1PP2PPP/RNBQK1NR b KQkq - 0 4,33
rnbqkb1r/p2ppppp/1pp4n/8/4P3/P7/1PPPBPPP/RNBQK1NR w KQkq - 0 4,172
4k2r/1bKn4/8/3p1p1p/3P1P2/6R1/2P1N2P/5B2 b - - 0 32,-266
rnbqkb1r/ppppp1pp/7n/5p2/8/3P4/PPP1PPPP/RNBQKBNR b KQkq - 2 3,0
rn2kbnr/p1p1pppp/1p6/3q4/8/P6P/1PPPPP2/R1BQKBNR w KQkq - 0 6,157
rnbqkb1r/pppppppp/8/8/N7/1P6/P1PPPP1R/1RBQKBN1 b kq - 0 6,-285
rnb3nr/pp1pk1bp/3p1q2/2p2p2/P1P4P/7R/1P1PPPP1/1RB1KBN1 w - - 3 14,-690
rnbqkbnr/1ppppp1p/p5p1/8/P3P3/7P/1PPP1PP1/RNBQKBNR b KQkq - 0 3,-56
rnbqk1r1/p1p2p2/5p1P/1p1p4/7P/8/PPPNPP2/R1BQKB2 b Qq - 0 11,15
1nb3k1/3p2p1/rp6/p7/2pP3K/8/8/8 w - - 6 41,-744
rnbq3r/p2p1kp1/1ppb1n2/7p/2P5/2N5/PP1PPPPP/R1BQKBR1 w Q - 2 8,-263
2r4r/pppk4/3p3p/1P2pP2/2P2pn1/P7/3P4/b1BK4 w - - 0 26,-847
2bq4/1ppn3k/4p3/8/3P4/r3P3/P6P/b5K1 w - - 1 28,-908
rnbqkbnr/pp2pppp/3p4/2p5/P7/5P2/1PPPP1PP/RNBQKBNR w KQkq - 0 3,-34
1nb3r1/1ppp4/6p1/7p/3k3P/3P1P1R/RPPNK1P1/1Q3B2 w - - 0 29,1129
3r4/ppp5/8/1P2k2B/P6p/8/4K3/bN6 b - - 0 39,635
rnb1k1nr/1ppp1pp1/1b2p3/p6p/2P5/1P6/P1QPPPPq/RNB1KBN1 w Qkq - 3 8,-391
4k3/r7/2p2n2/8/1p3B1P/8/5K2/8 b - - 2 40,659
3k1bn1/r7/5p2/p6b/3P1K2/1P6/8/7r w - - 1 39,-907
1nbk2r1/r1p2p1p/p3p1p1/1p6/8/1P3PK1/P2NP1BP/6RR b - - 1 25,269
1r2b2r/p5k1/1p1P3p/1Pn4p/8/1P6/N1P2P2/2R1KR2 w - - 0 36,-371
n4bn1/4p3/8/3p2p1/8/1k6/4N2K/8 w - - 0 41,-623
3k4/q3p2p/n1ppB3/1r6/1p2N3/5P2/P1PP3P/R1BQK2R b KQ - 0 20,-470
2b5/r1k3p1/4p2p/1R5P/2PP1q2/3B4/2P1K1P1/7R w - - 0 31,-274
rnbqkbnr/1pp1pp1p/3p4/p5p1/4P3/2P4P/PP1P1PP1/RNBQKBNR w KQkq - 0 4,176
r3k2b/8/8/p1P2p2/P4P2/7N/R3P1P1/5BK1 w - - 1 34,675
1n2kbr1/1bB1p3/6p1/2p2p2/2P2P2/1P2Pn2/4P1P1/R1K2B1N b - - 3 24,294
B1bk1b1r/4n1p1/p2pp2p/1pp2p2/8/N1PPP3/PP3NPP/R1B1K2R b Q - 1 14,-627
r2qkbnr/npp4p/4p3/P5p1/P7/4P3/2PPN2P/R1BK1BNR w - - 0 18,-409
1nbqkbnr/rppppp2/6pp/p7/2PPP3/1Q5P/PP3PP1/RNB1KBNR b KQk - 0 5,-137
r5nb/pbp5/2p3kr/8/P4p2/3q4/R2P1PP1/1NB3K1 w - - 2 24,-910
2b1nb2/3kpp1r/p5p1/3p4/p6p/4P2P/5PP1/BR3KNR w - - 0 23,56
rn2kbnr/p1p1p2p/1p6/3p4/1q1P2P1/8/PPP1PK1P/RNBQ1B1R w kq - 0 10,233
r1bqkbnr/pp1pppp1/n1p5/7p/1P1P4/2P5/P3PPPP/RNBQKBNR w KQkq - 1 4,92
rnbqkbnr/ppppp1pp/8/5p2/8/P3P2N/1PPP1PPP/RNBQKB1R w KQkq - 0 4,92
k6r/b6p/p1np4/7p/2K4P/PR6/7N/8 w - - 3 39,-472
1r3k2/4p3/4n1p1/BP1p4/5P2/PK6/4P3/RN6 w - - 0 33,469
7r/1k2n3/5ppp/3p4/p2N3P/6P1/2P5/4BK1R w - - 1 35,296
r1bqkbr1/p1pppppp/1pn4n/8/3P2P1/7P/PPPNPP2/R1BQKBNR w KQq - 0 5,228
7r/r4pk1/p6p/P2P2n1/2P5/6P1/5N1P/R1K2B1R w - - 0 33,522
k1b4r/4p3/7b/2p1P1p1/1pP2p1p/1P3P2/P4KPP/6NR w - - 3 29,-512
2k5/1p1p2pp/8/3p1p2/NP3P2/7P/2P1K3/R4BNR b - - 0 30,-958
r1bqkbnr/p1pppp1p/1pn3p1/8/1P1P3P/8/P1P1PPP1/RNBQKBNR w KQkq - 0 4,53
1n3k2/rp6/p3p3/7p/P3K3/P1P5/5P2/1N6 b - - 0 28,608
rnbqkb1r/p1pppppp/7n/1P6/8/5N2/1PPPPPPP/RNBQKB1R b KQkq - 0 3,-254
8/1pp5/2nbb3/p1k5/P2n1r2/8/5N2/3B1K2 w - - 10 41,-937
5b2/r7/nppk3p/p3p3/2PpP3/NP5N/P2P1KPP/R1B4R w - - 0 21,808
r1b1kbnB/1pq1pp1p/p2p2p1/8/1Pn2P2/P3P3/3P2PP/RN1Q1KNR w q - 2 12,173
rnq3n1/3p1p1r/pp5p/3k4/3p2P1/P2P3N/1P3K1P/RN3BR1 w - - 0 16,-356
6k1/p7/7p/P1nP1P2/2P3P1/7K/8/B5R1 b - - 2 39,-686
r1bqkbnr/pp1ppppp/n1p5/8/8/1P5N/P1PPPPPP/RNBQKB1R w KQkq - 0 3,0
1nbq1rk1/2pp3p/r3pp2/2P5/4P3/p4PpR/3RK3/1N1Q1BN1 b - - 0 17,350
k2b4/p6p/1r3p2/2N5/P3P2P/7B/5K2/7R b - - 4 38,-402
rnbqkbnr/ppppp1p1/8/5p1p/1P6/2P5/P1QPPPPP/RNB1KBNR b KQkq - 1 3,-57
8/3k2n1/3p4/5P2/5P1r/2P5/2P5/6K1 w - - 0 41,-480
rnbqkbnr/1pp1pp1p/p2p2p1/8/2N5/6P1/PPPPPP1P/RNBQKB1R b KQkq - 0 4,71
r1bqkb1r/pppppppp/2n2n2/8/5P2/N7/PPPPP1PP/R1BQKBNR w KQkq - 1 3,2
r1bqkbnr/p4pp1/p1ppp2p/8/P7/P1P1P2P/3P1PP1/RNB1K1NR w KQkq - 0 9,-734
r1k1N3/p7/8/2b1p3/P2nP3/2KP4/5P2/8 b - - 0 37,705
3r3k/8/5PB1/p1p5/5PP1/4K3/6P1/8 b - - 0 35,-29
1nk5/7R/1p2p1B1/1P6/1P3PP1/2K1P3/8/1N6 w - - 1 34,905
r1bq2n1/1p1np3/p1p2rk1/8/PP5P/2N2P2/2P1P3/R1B1KBN1 w - - 1 16,-507
1n6/8/1k4N1/2R5/4n3/P7/2K5/8 w - - 3 41,355
4k3/p4p2/2r4n/2b5/P3P1b1/N2K2PN/3P3P/R1B3R1 w - - 1 31,415
r7/3p2b1/3k1p2/1b3P1p/1rp1P2P/4P3/2P5/4K3 w - - 0 33,-922
6n1/5p2/2k5/2N3pP/4P1B1/7P/2Q2K2/6NR w - - 3 31,1109
r2qkb1r/p1p1ppp1/2pp3n/8/3P4/2N3P1/PPP1QP1P/R3K1NR b KQkq - 0 8,-35
rnb2bk1/4p3/pR3pp1/3p4/3p1Bp1/P7/4PPP1/1NK2BN1 b - - 0 21,192
2b2b1r/r4k1p/3p4/pp6/1n6/N2p1P2/3B1K1P/R1Q2B1R b - - 1 23,-495
1r6/1p5b/6k1/p3p2r/4N3/5n2/P1P2P2/2K5 b - - 0 35,822
3rk1n1/3p4/8/R3B1Pp/8/2P1P2b/1N1K4/8 b - - 0 31,-60
rnbqkb1r/2pppp2/7n/pP4Pp/3P4/8/PP1BP1PP/RN1QKBNR b KQkq - 2 6,-351
3k3r/3b3p/2r3p1/8/P1P1p1p1/P5P1/4K3/2R2B2 w - - 0 34,-468
1r5k/1p6/7p/p3Kb2/P7/2P5/4P2P/B4BNR b - - 2 36,-514
1Nb1k2r/2p1np1p/6p1/pp6/8/P1BP4/3QPPPP/R3KB1R b KQk - 2 13,-941
7r/5p1p/2Bp1k1n/3p3p/1P5P/B4P2/5KP1/7R b - - 1 28,-472
1n6/3p3k/1R6/1P3bp1/P2K4/8/3p1P2/8 b - - 4 40,682
r1bqkbnr/pppnpppp/8/3p4/5P2/1P6/P1PPP1PP/RNBQKBNR w KQkq - 1 3,-13
4k2r/1R6/8/8/7p/P3Pn1P/N1P2K2/2R5 b - - 1 37,-576
rnbqkbnr/p1p1pppp/1p1p4/8/3P1P1P/8/PPPQP1P1/RNB1KBNR w KQkq - 3 5,90
r1bqkbnr/ppppp1pp/n7/3N1p2/8/5P2/PPPPP1PP/R1BQKBNR b KQkq - 0 3,63
rnb2b1r/1q3p1p/1p1k4/2p2n2/p1P2P2/3P3N/PP1N3P/1R2KB1R w - - 0 18,-634
rnbqkbnr/p2ppppp/1pp5/8/8/1P3P1P/P1PPP1P1/RNBQKBNR b KQkq - 0 3,177
2b1k3/rp5N/p7/8/P2K4/3PP3/2P5/8 w - - 5 38,-332
2k2bnr/2p3pp/2Rp4/7P/P2P4/P7/1B1P2P1/5K1R b - - 2 29,-448
rnbqkbnr/1pppppp1/p6p/8/6P1/2P5/PP1PPP1P/RNBQKBNR w KQkq - 0 3,-32
4k3/5p2/R4B2/1pppP3/8/2P5/8/1N4K1 w - - 0 37,5000
6n1/8/3p3k/1P4p1/P7/3P1PPP/1b4B1/4K1R1 b - - 0 40,-525
1n4r1/r6p/4k3/3pn1P1/Pp3p2/R7/3P3P/1N3KNR w - - 0 28,-282
4kr2/r7/2n2p2/7p/4PN1P/1p6/5RP1/3K4 b - - 3 35,617
r2qkb1r/p1pppppp/7n/1p6/5P2/P3P1P1/1PPPN2P/RNB1K2R w KQkq - 1 8,-563
5bn1/5p2/1pk2p2/5R2/1p5r/3B4/2P3P1/3K2N1 b - - 1 28,83
1r4r1/4k2p/4p3/1B4p1/1b6/6P1/P2P4/3K4 w - - 1 37,-759
rnbk2nr/4bp1p/3p4/8/1QP5/4PpP1/7P/1N2K1NR b K - 0 19,306
3r4/p1pp2r1/bp2pk1p/5ppP/P7/N2PKPP1/1PP1N3/1RBQ2R1 w - - 1 25,1013
rnb2b1r/pp2p3/2p5/5k1N/PP6/1p2P1P1/N4P1P/3K1BR1 w - - 0 22,-411
rn2k3/p2p2p1/2p1p3/2b2p2/4n2B/NP5P/P3b1K1/R7 w q - 0 24,-778
5b1r/2p1p1p1/2nk2p1/p7/p2Pb3/8/1PP5/2B1K1N1 w - - 0 31,-749
8/6k1/5p1p/p2B4/8/4PKPP/P7/N3R3 b - - 0 38,-738
rnbqkbnr/3ppppp/1pp5/p7/3P1B2/P7/1PPQPPPP/RN2KBNR b KQkq - 1 4,-32
r1b1qbnr/1ppnk1p1/3p4/p6p/P4p1P/N7/1P1PP2R/R1BQKBN1 w Q - 0 15,-224
rnbqkbn1/ppp2pp1/8/3pp3/8/8/PPPPPP1R/RNBQ1KN1 w q - 0 7,-43
r2qkb2/pbpppp2/p6n/7P/P1P3p1/4P3/1P1P1P1P/RNB2KNR w q - 2 9,-634
rnbqkb1r/1ppppppp/p4n2/8/7P/P4N2/1PPPPPP1/RNBQKB1R b KQkq - 0 3,37
5n2/2P4r/6p1/1B1pk3/1P5p/3PP3/P3KP2/8 w - - 0 39,618
1n1k3r/2p1np1p/rp1p1Q2/p7/2P4N/N2BBK2/P6P/2RR4 b - - 11 26,-762
6R1/8/1p1p1p1p/7k/P7/8/N2N1K1P/4R3 w - - 4 41,935
1n2k3/4p3/2r5/5R2/5P2/4K1p1/8/b1B5 w - - 0 30,-423
8/8/2p2k1B/7P/7P/3b1p2/3K4/8 b - - 0 40,502
3r1b1r/p2kp1p1/8/1P2Pp1p/2P5/3PP1Q1/R1P2K1P/1NB5 b - - 3 27,-783
rnbqkbnr/2ppp1p1/p4p2/1p1P4/5P2/4B2p/PPP1P2P/RN1QKB1R b KQkq - 1 9,431
3qk3/1n2pp1p/8/3p4/8/5N2/4PPK1/7r b - - 1 21,679
r1bqkbnr/3pp2p/pp4p1/2p2p2/P1P5/3P3P/1PQP1PPR/RNB1KBN1 w Qkq - 0 9,372
4rk1r/2p5/5p1n/3Pp3/p1p5/P4N1P/3N1PP1/RK3R2 b - - 3 27,-396
r1b2b1r/pp1pp1p1/6k1/2p2p1p/2P2P2/P1NP1N1R/1B2P1P1/R3KB2 b Q - 0 17,-632
1rbqk1nB/p1pppp1p/1pn3p1/8/2P5/PP6/R2NPPPP/3QKBNR b K - 0 7,-682
6nr/2p1k1p1/2p4p/5P1P/PP2P3/B4P2/3K4/6NR w - - 1 34,748
3r4/7k/1n6/4p3/1p3p2/1P6/5K2/8 w - - 4 41,-624
8/4k3/2P5/4p3/P7/1p4p1/4K1P1/6N1 w - - 2 38,468
5k2/8/4p1p1/4b3/1pp4P/5N2/4PP2/1K2B2R b - - 1 39,-577
1k6/1rpnB3/p7/P7/3p4/7p/3P3P/6K1 w - - 2 41,-571
k1b1R3/p1pn4/2p5/8/P5R1/1p3PP1/3KP3/8 b - - 3 40,-555
4k3/5p2/b4n2/2P1p3/1rP3r1/7N/P3PPPR/R1K2B2 w - - 0 24,24
2B2k1r/p7/3p2pn/8/1p1N3P/3P4/P7/5K2 b - - 0 36,498
rnbqkbnr/ppppp2p/5p2/1B4p1/8/4P1P1/PPPP1P1P/RNBQK1NR b KQkq - 1 3,-113
2k5/3r2pr/1p3p2/p6p/8/P5b1/1P6/3N2K1 w - - 4 39,-752
rnbq1b1r/3p2p1/1p2p2n/p4k2/8/1P2P2N/P2P1PPP/RNB1KB1R w KQ - 0 10,-360
6rr/n1k5/2bpp1p1/Pp5p/5PNP/3P4/PN1BP3/R2K1B1R w - - 0 27,550
2bq1b2/1p1p4/2p2p2/2k5/5pr1/1B6/R2N2P1/2n2KN1 w - - 0 27,-549
rnbqkbnr/p1p1pppp/1p6/3p4/8/NP6/P1PPPPPP/R1BQKBNR w KQkq - 0 3,-38
r2qkbnr/ppp1pppp/n2pb3/8/2P5/2N2N2/PP1PPPPP/R1BQKB1R w KQkq - 2 4,166
1rbqkb1r/ppppn1pp/n3p3/8/2P2PP1/P2P4/1P1NP3/R1BQKBNR b KQk - 0 9,-157
8/3k1p1p/1p2p3/8/r1pPp1PP/8/P4B2/RK4NR w - - 0 26,573
3k4/2p2p1r/1n1b1p2/6p1/6P1/2P5/1R3K2/4B3 b - - 7 34,699
5bn1/p1p1r3/8/p3p2k/P3P3/1P6/N1P2P2/R1B3K1 b - - 2 32,-101
rn6/ppk2pP1/2b1pn2/8/P4P2/2bP4/7r/1KN2B2 w - - 3 34,-954
1k6/1b6/4p3/n3r1B1/2P3p1/8/4P1P1/3K1B2 w - - 2 41,-235
r1bqkbnr/pppppppp/8/4n3/8/2PP4/PP2PPPP/RNBQKBNR w KQkq - 1 3,127
rnb1kbnr/pp1pppp1/2p5/7p/2P5/1P6/PB1PPKPP/RN1Q1BNR b kq - 0 5,-648
6n1/1p1npk2/r1pp4/P7/6P1/7K/N1Pb3P/7R w - - 0 31,-592
rnbqkbnr/p1pp1p1p/4p1p1/1p6/1P6/3P1N2/P1P1PPPP/RNBQKB1R w KQkq - 0 4,82
r2q1b2/pppnp1k1/5n2/3p1P2/3P4/P7/1PPN1PPR/R2K1BN1 b - - 0 15,401
rnbqkb1r/ppp1pppp/3p3n/3N4/8/2P5/PP1PPPPP/R1BQKBNR b KQkq - 0 3,24
r7/4b1pk/4P2p/4P3/3N1N2/6PP/3P1K2/7r w - - 0 36,-319
r1b3nr/pppp1k1p/2n4b/4p3/4P2q/3B1P2/PPPP2PP/RNBQ1K1R w - - 3 8,-310
rnb1kbnr/p1pp1ppp/1p2p3/8/6PR/5P2/PPPPP3/RNBQKBN1 b Qkq - 0 4,-566
5rn1/k3p3/p7/5p1P/5P2/2PPp3/P1K5/5BN1 b - - 1 32,300
rn1qkb1r/pb1ppppp/1pp4n/8/1PP2P2/2N5/PB1PP1PP/R2QKBNR b KQkq - 2 7,27
rnbqkbnr/p1pp1ppp/1p2p3/8/3P4/2Q5/PPP1PPPP/RNB1KBNR b KQkq - 1 3,101
1k3r2/7p/2b3pn/p4p2/2P5/3P2P1/5P2/1N1K4 b - - 0 37,760
rnbq1bnr/pp1kpppp/8/2pp2N1/8/PP6/2PPPPPP/RNBQKB1R b KQ - 0 4,78
r1bqkbnr/p1pnppp1/8/1p1p3P/1P6/7N/P1PPPP1P/RNBQKB1R w KQkq - 1 5,-118
4kbnB/p3p3/2P4p/8/5p1p/2K5/6b1/8 w - - 1 40,-597
R7/1p1p2k1/2p5/4Pp2/1PPP4/B7/8/1N2K3 b - - 2 29,-760
r1b5/3k4/p3p1p1/1p6/5B1P/P1P2PP1/4P3/RN2KBNR b - - 0 29,-985
r1bqkb1r/pppppppp/2n2n2/8/3P4/N7/PPP1PPPP/R1BQKBNR w KQkq - 3 3,18
7r/2pk2bp/2n1p3/pB4P1/4K3/N6N/5P1P/2R5 b - - 2 27,-510
rnbqkb1r/1ppppp1p/6pn/pP6/5P2/2N5/P1PPP1PP/R1BQKBNR b KQkq - 0 4,78
rn1qk1nr/p1pp2pp/1p2pp2/2b5/4b1P1/5N2/PPPPBP1P/RNBQK1R1 w Qkq - 0 7,-18
6k1/2np4/1p6/2p1P3/2P3BK/3P4/6b1/8 b - - 0 33,414
rnbqkb1r/pp1pppp1/2p4p/3n4/3P2PP/5P2/PPP1P3/RNBQKBNR b KQkq - 0 5,23
1R6/2pkpp2/3p3b/P7/3Q4/B4P1R/5K2/8 b - - 2 29,-845
2b3nr/4nk2/6p1/rP2p3/P7/K3P3/3N4/1RB3b1 w - - 0 33,-652
6k1/8/2p1P3/P7/1p1p4/7P/2P3P1/K7 w - - 0 41,563
rnb1kbnr/pp1ppppp/2p5/8/6P1/N1PP3P/4PP2/q1BQKBNR w Kkq - 2 8,-492
rnbq1knr/1ppp1ppp/p7/4p3/8/NP5N/2PPPPPP/R1BQKB1R w KQ - 0 5,524
4kb2/1n2pp2/4b2p/1p2B3/4P3/8/6BP/5K1R b - - 1 22,35
rnbqkbnr/p1pp2pp/1p6/4pp2/7P/N3P3/PPPP1PP1/R1BQKBNR w KQkq - 0 4,1
rnb1kbnr/1pqp1p2/2p1p1p1/p6p/4P2P/3P1P2/PPP3P1/RNBQKBNR w kq - 0 7,-47
rnbqkb1r/1pp1pppp/p4n2/3p4/1P6/5P1N/P1PPP1PP/RNBQKB1R w KQkq - 0 4,-170
rn2kbnr/p2pppp1/8/2q4p/4P3/2P5/3P1PPP/1NB1KBNR w Kkq - 0 10,-641
1k6/r7/2n4P/pp6/8/PPR1PP2/5NP1/4K3 b - - 0 37,-528
rn3k2/p7/2p5/1pP1Pb2/8/8/3P1PP1/6K1 w - - 0 34,-691
2bk4/2pp1p2/3p3p/5P2/8/6P1/2K3B1/8 w - - 1 36,-435
3qkbnr/p3p1p1/1p2N3/5P1p/3p4/8/PP1PKPPP/RNB2R2 b - - 0 17,287
rnbk1bnr/1p1p2Np/p4q2/2p1p3/2P5/N5P1/PP1PPP1P/R1BQKBR1 w Q - 1 9,222
rnbqkb1r/pp1p1p1p/4p1p1/2pn4/P1P1P3/7P/1P1PKPP1/RNBQ1BNR b kq - 0 6,247
1rbqk2r/p1p1pp1p/1pn4n/3p4/P7/R2P2P1/1PP1PP1P/1N1QKBNR w Kk - 0 10,193
8/1b3k2/8/2p5/p1P2P2/6KN/8/8 b - - 1 38,615
rq6/2p5/p6k/3R4/p7/BnP1P3/2K2P1P/8 w - - 1 40,-450
rnbq2nr/p1ppkpp1/1p6/4p2p/P6P/1P3P2/2PKP1P1/RNBQ1BNR b - - 0 7,-412
rnbqkbnr/ppppp2p/6p1/5p2/8/4PB2/PPPP1PPP/RNBQK1NR b KQkq - 1 3,53
rnbqkbnr/pppppp1p/6p1/8/6P1/5P2/PPPPP2P/RNBQKBNR b KQkq - 1 4,178
1k6/8/5p2/RBB1p3/7p/4n2b/8/2R3K1 b - - 0 40,-659
rnbq1b1r/pppppkpp/5n2/5p2/2P4P/5P2/PPQPP1P1/RNB1KBNR b KQ - 0 4,26
rn2kbn1/4p1r1/8/1p1p4/3P4/5P2/N3P1B1/2K2RN1 w q - 2 27,-581
r3kb2/8/p1p1n3/4P3/8/6P1/P6Q/R2K4 b - - 3 36,-321
6nr/7p/5kp1/1rp2p2/5P1P/6K1/1Pn3P1/3N3R w - - 0 32,-653
4kb2/p3p2r/2qp3p/8/3p3N/RP1Pp3/7K/4R3 b - - 3 28,655
rnbq1k1r/pppp1pbp/5np1/4p3/8/NP4PN/P1PPPP1P/1RBQKB1R b K - 4 7,69
rnb1kbnr/pp2p1pp/2pp4/q4p2/2P5/5P2/PP1PP1PP/RNB1KBNR w KQkq - 0 5,-657
rnbq1rk1/1pppp1b1/p4p1n/3P4/PP6/5P2/2P1P1PP/RN1QKB1R b KQ - 0 9,554
1n6/3r4/4p3/5r2/3bPp1k/8/8/1K6 b - - 1 40,899
7k/r7/1p1Kb3/6N1/4P3/5P2/8/8 b - - 0 38,305
r1bqkbnr/pp1p1ppp/4p3/8/Pp6/5N1P/1P1PPPPR/RNBQKB2 b Qkq - 1 6,-369
3B4/8/1rk1pp2/p7/p2KP3/P1P2PP1/7P/8 b - - 1 36,108
2br4/1ppk4/5R2/2Bpp3/8/2P5/4PP2/rN1K1B2 w - - 1 25,5000
r1b1r3/3pk2p/4p2p/p7/3P4/6PP/1R2P3/1N2QR1K b - - 3 23,-703
1nbq1br1/r1pppkpp/p4p2/1p6/3PP1n1/1P6/P1P1NPPP/RNBQKR2 w Q - 2 10,-360
rnbqkbn1/ppppppp1/7r/7p/4PP2/3P4/PPP3PP/RNBQKBNR b KQq - 0 3,-76
B5k1/4p2p/R7/8/4P1P1/8/P2K2P1/RNQ5 b - - 2 37,-1049
4k2r/7n/8/1N3n1p/1P3P2/1P5B/3PK2P/2BQ4 b - - 1 31,-755
rnbqkbnr/1p1p1ppp/p3p3/2p5/8/P6N/RPPPPPPP/1NBQKB1R w Kkq - 0 4,-77
8/2n1k1pr/8/p3p2p/p6P/2P5/1p4PR/n6K b - - 0 34,5000
N4knr/5p2/2B4p/1rp1p3/4P1p1/2P3B1/5PPR/R1K3N1 b - - 3 23,-831
rnbqkbnr/ppp1pp1p/6p1/3p4/3P1P2/8/PPP1P1PP/RNBQKBNR w KQkq - 0 3,-10
r3k1nr/p6p/n1p1p3/4p3/4P1PP/8/2PP4/2Q1K3 w - - 0 20,-228
4k3/8/p4B2/p6p/2P5/1K2P3/3Pn3/8 w - - 1 39,76
rnbqkbnr/1p1p1ppp/p1p1p3/8/8/P7/1PPPPPPP/RNBQKBNR w KQkq - 0 4,-26
2bqkbnr/2pp2p1/rp6/p4B1p/2Pp4/5P2/PP1PKNPP/RNBQ1R2 b k - 2 11,-299
rn2k1nr/p5p1/P2p3p/8/2P5/5PP1/P3P2P/RN1K1BNR w kq - 0 15,625
2n4k/pp5p/6p1/6r1/P1P5/5K2/5P2/5B1R b - - 0 34,125
rnbqkb2/1pp1p3/3r4/p2p1p2/3P3p/N4P2/PPPQP2P/R2K1BNR b q - 3 11,134
r7/3nk3/pp1p1n2/5p2/P7/5Nbr/R7/6K1 b - - 1 27,879
rnbqk1nr/pppppp1p/6pb/8/1P6/6P1/P1PPPP1P/RNBQKBNR w KQkq - 1 3,6
8/6r1/Bpp5/4K1kp/1P6/6PP/P7/RN5R w - - 0 36,734
5rn1/3b2kr/p3p3/P5Bp/3P3P/8/N3K1PR/8 b - - 2 40,494
8/1bp2qbp/7p/3Pk3/8/P6P/4P1B1/RN2K3 w Q - 3 28,-352
7k/8/1P4p1/3p4/3P4/N1P1K3/5N2/8 w - - 1 41,827
8/6rp/1p1N4/N1R5/P3P3/2P1KP1P/r7/1k6 w - - 1 41,618
rnbqk1nr/1pp2ppp/3pp3/p7/1b1P3P/2N5/PPPKPPP1/R1BQ1BNR w kq - 0 5,-25
8/5k2/8/1b1p4/3P1P2/P4P1P/5K2/2r5 w - - 1 33,-622
rnbqk2r/pppp1ppp/7n/4p3/8/3P4/P1PQPPPP/RN2KBNR b KQkq - 0 5,225
rnb1k3/pp1p4/4ppr1/P5pp/3pP3/1P1B1P2/2P1K1PP/1R4NR b q - 0 17,97
r1bqkbnr/pppppp2/2n3p1/7p/3P4/P5P1/1PP1PP1P/RNBQKBNR w KQkq - 1 4,82
8/p1p5/2k1q3/8/2P4r/P2K2p1/6b1/8 w - - 0 41,-933
8/4k1b1/B5p1/r1pp2r1/4n1p1/1R2P1P1/5P2/1N4K1 w - - 2 34,-361
1n6/4r1k1/3pP3/8/1Pr5/b5P1/8/4K1N1 w - - 4 36,-756
r4bnr/2knpp1p/p1p5/1p3PB1/3P4/2P5/b3P1PP/R2K1BNR b - - 0 15,583
1n6/4pp2/7p/8/7P/2k1K3/8/8 b - - 0 40,542
rn1k2nr/pBp3b1/5p2/1Q5p/3P3p/P1P1p2b/1P5P/RN1K2NR b - - 0 18,-588
1Q6/3p4/8/P2Bp1nk/1P3p1r/3p4/3K4/1N6 b - - 1 39,-428
5bBk/6p1/5p2/4p3/1PR4P/4P3/3P3R/2K3N1 w - - 0 35,829
1n1k4/2p1n2p/1p1r4/5p2/r4b2/5K1P/1PPNBP2/6NR w - - 0 27,-649
rn2kb1r/p3ppp1/8/1p5p/3P4/P3P3/RP5P/1NB1K2n w kq - 6 26,-535
r1bq1rk1/1ppp1npp/n7/p4p2/P1Pp4/8/RP1KPPPP/1NQ2BNR w - - 3 11,-406
r2k2nN/p1pnp3/5p2/1p5p/1P1P1N2/P1B3P1/2P3P1/2RQ1K1R b - - 0 23,-987
r1n2k2/5p2/1R6/2P3p1/6P1/8/3PP2R/4K1N1 w - - 2 26,706
rn1q1bn1/3Bpkp1/pp3p2/2pP4/P4P2/3P2r1/1P2P3/RN1QK2R w KQ - 2 17,183
rnbq1bnr/2pp1kpp/1p2p3/p4p2/3P1B2/1P4P1/P1P1PP1P/RN1QKBNR b KQ - 3 6,179
rnbqk1nr/pppp1ppp/4p3/8/1P3P2/8/2PPP1PP/RNBQKBNR b KQkq - 0 5,-493
rnbqkb1r/1ppppppp/5n2/p7/8/5P2/PPPPPNPP/RNBQKB1R b KQkq - 1 3,62
r1bqkb1r/pppnp1pp/3p1p1n/8/Q3P3/2P2N1P/PP1P1PP1/RNB1KB1R b KQkq - 2 5,-70
1nb1kbn1/r4pp1/1pp5/p3p3/P1Q4P/5P2/1P1KP3/1NB2BNR b - - 0 14,-537
rnbq1k1r/1pppp2p/7n/1P3p2/1P6/8/2PPPPP1/b1BQKBN1 b - - 0 13,781
6r1/2B1k3/7B/4P3/3p4/1P1P3N/2R1K2P/7R w - - 1 36,872
6R1/3k4/1p3p2/5P2/b2PpP2/B7/1K6/8 w - - 1 40,540
2kr2n1/8/p5Pb/3p4/P2P4/N7/8/R2K4 b - - 2 33,451
6k1/8/8/P7/5p2/5P2/2R1K3/8 w - - 0 37,669
rnbqkbnr/ppp1ppp1/8/3p3p/8/1P1P4/P1P1PPPP/RNBQKBNR w KQkq - 0 3,-26
b1k2b2/6p1/8/1pp5/7p/2P5/2BK4/8 w - - 4 41,-660
1n6/2p2p2/p3kp2/p2p4/5P1p/5b1P/3K4/1N6 b - - 0 36,738
r1b1kb1r/p1p1npp1/2p1p3/7p/2K5/2P2P1P/PP1PP1P1/RNB2BNR b kq - 0 12,-134
8/r1kn3p/pp6/8/5Pp1/P3P3/2N5/R2K2R1 b - - 0 29,-523
rnbqkbnr/p1ppppp1/8/1p5p/8/1P5P/P1PPPPP1/RNBQKBNR w KQkq - 0 3,67
rnbqkbnr/pp2pppp/2pp4/6B1/8/P2P4/1PP1PPPP/RN1QKBNR b KQkq - 1 3,38
rnbqkbnr/3pp1pp/ppp5/5p2/2B5/4PP1N/PPPP2PP/RNBQK1R1 b Qkq - 1 5,107
5r1r/p2n2kp/3b4/2p1p3/K3P1P1/3P4/P2NN1PP/R6R b - - 1 22,26
1n1k1br1/1p2p3/2p5/5p2/1pB5/3PP2P/8/4K2R b - - 1 28,575
rn2q3/p2p1k2/b5p1/1p6/1PpP3p/R1P2P1B/1Q5K/6NR b - - 0 30,-365
B4bn1/p1p2kp1/4r3/2q1P3/2P1K3/3P1P2/P6P/5RNR w - - 3 24,-424
1n1k1br1/3p2pp/b1p1p3/8/8/1B2PPP1/P2B3P/RN2K2R b - - 0 23,-466
rnb1kb2/p2p1p1r/2p1p2n/1p2N2p/3P4/8/PPP1P1PP/RNQ1KB1R b KQq - 1 10,-548
r1bk2nr/3p1p2/4pp2/p6p/2Pn3P/6K1/NP2P1P1/R1B2BNR w - - 0 16,335
1rbqkbnr/1pp1p2p/2n3p1/p2p1p2/P2P4/2P4P/1P2PPP1/RNBQKBNR w Qk - 0 8,75
1n2kbr1/4p3/2p3p1/7p/1PB1Pp1P/2N5/2P2PP1/4K1R1 b - - 1 30,-99
rnb5/1p1p4/8/p4k2/P1Pb4/8/3N4/5K2 b - - 1 36,723
1r5B/1pp1n2p/2k5/6p1/1p2P1P1/3P1P2/R2K3P/1N3BNR w - - 1 23,920
r7/p4p2/k3p3/8/P1P3K1/1n5P/4B2N/7R w - - 1 35,370
3k2Br/6p1/2p5/7p/n4P2/2P3P1/1P5P/4K3 w - - 1 34,-522
1n1k1bn1/1bpqpp2/r7/Pp1p2P1/3P4/4B1P1/P1P1P2R/RN1QK1N1 w Q - 1 12,379
8/8/p1p4n/P1P2P1k/8/2K5/4r3/8 w - - 1 39,-573
rn1k2n1/4b3/5p2/p7/4p1P1/2P5/1P1B1P1R/RN1K4 b - - 5 27,-522
Q7/2ppk1r1/8/5p2/7p/1PN4P/P2KP3/R4BNR w - - 3 29,1010
5qnr/2p1kp2/4p1pp/p3P3/8/P1P1P2P/3KNPP1/R6R b - - 1 16,512
1nbqkb1r/1ppppnp1/8/P6p/P7/6P1/2PPP2P/RNBQKB1R w KQk - 0 9,245
rnb1kbnr/ppqp1pp1/2p4p/4p3/7P/4P3/PPPP1PP1/RNBQKBNR w KQkq - 2 5,-27
rnbqkbnr/pp1pp1pp/2p5/5p2/8/2N5/PPPPPPPP/R1BQKBNR w KQkq - 0 4,18
rn3b2/3kppp1/8/pbp5/5N1P/3P4/PPPK1P1P/RNR5 w - - 1 18,375
B5nr/3p4/p2k1p1p/1p5P/1P1P4/R7/4KP1b/8 b - - 1 40,408
3k3r/8/1p6/1Pp2P1p/4p2r/4P3/1B3K2/8 b - - 3 36,714
2q2r1k/r1pnp3/p6b/2n5/3N1P2/2P5/P2B4/R4K2 w - - 0 23,-721
6nr/r3pk1p/p1p2p2/7p/1P6/N3KP1P/PP6/R1B4R w - - 0 21,504
rn6/pp6/4kp1R/5p2/2R2P1p/2P2P1P/p7/2K5 b - - 0 38,660
rnbqkbnr/1pp1pppp/p2p4/8/5P2/P7/1PPPP1PP/RNBQKBNR w KQkq - 0 3,25
rn6/pp6/2p4n/2Ppp1k1/8/4PKP1/PP1P3P/1RB4R w - - 2 17,492
rnbqkbnr/pp1p1ppp/8/2p1N3/8/2P5/PP1PPPPP/RNBQKB1R b KQkq - 0 3,-110
Rn3kn1/2p1p1r1/1p2P1p1/8/4P1P1/1P3N2/3K3P/7R b - - 6 31,-613
1n2k3/1p5p/3rp1pn/p3p3/7P/6PN/4K3/7R w - - 6 36,-635
rnbqk1r1/pp1p1p1p/2p1p1p1/5n2/3P4/4PK2/PPP3PP/RN1Q1BNR w q - 1 10,-142
r2qkb2/1np1pn1p/5p2/p2P4/P6P/7b/RPPPKP1P/1NB4r w q - 0 17,-1074
rn1qkb2/2ppp3/p5p1/5p2/3K2p1/8/PPPPP1Q1/RNB3N1 b q - 0 12,367
rnbqkbnr/p2p1ppp/1pp1p3/8/3P1P2/1P3N2/P1P1P1PP/RNBQKB1R b KQkq - 0 4,-1
1nq1kb1r/5p1p/2ppp2n/Pp4p1/4P3/2PP4/PB3PPP/1R1Q1KNR w k - 1 15,554
r1bqkb1r/p1pp1ppp/n3pn2/8/R4P2/7N/1PPPP1PP/1NBQKBR1 b kq - 0 6,91
8/8/3pk3/2pN2pP/2P5/5N2/PPK2P2/5RR1 b - - 1 35,-987
rnbqkbnr/ppp2p1p/3pp1p1/8/1P2P1P1/8/P1PP1PBP/RNBQK1NR b KQkq - 0 4,93
rnb1k2r/p1pp3p/8/3Bp3/p6p/R2PK3/1PPQ2PP/1NB4R b kq - 0 15,-674
rnbqk2r/ppp2ppp/3p1n2/4p3/P7/1PP2N2/R2PPKPP/1NBQ1B1R b kq - 3 6,-250
rnbqkbnr/1pp1pp1p/p7/3p2p1/8/2P5/PP1PPPPP/RNBQKBNR w KQkq - 0 4,6
rnbqkb1r/ppppnppp/4p3/8/1P1P4/2N4N/P1P1PPPP/R1BQKB1R b KQkq - 0 5,34
7k/4p3/1p6/p2P4/1p5P/1B6/P1P5/RNB1K1Nn b - - 1 31,-822
2b5/3k3r/4p1pn/1P2p1b1/2p3P1/6P1/P1K1P3/1R6 w - - 5 33,-673
rnbqkbnr/pp1p1ppp/8/2p1pP2/8/2P5/PP1PP1PP/RNBQKBNR b KQkq - 0 3,269
rnbqkbnr/2pp1p1p/1p6/p3p3/4N3/4P3/PPPP1PPP/RNBQKB1R w KQkq - 0 5,217
rnbqkb1r/ppppp2p/5p1n/6p1/3P2P1/8/PPPKPP1P/RNBQ1BNR w kq - 2 4,-2
4r3/p1k2p2/1r6/2P3P1/1p2p3/1P5b/P3P2N/b1B4K b - - 0 33,674
rnbqkbnr/pppppp2/6p1/7p/7P/2P5/PP1PPPP1/RNBQKBNR w KQkq - 0 3,17
1r4kr/1bp1p3/pp6/3n1p1p/P1BP3P/4PP2/3P3R/NK4N1 b - - 0 20,303
2r1k3/2p2p1N/8/2b1P2p/3p3P/3P2P1/8/2K2BR1 b - - 2 35,-289
N3kn2/5p2/3p4/5p2/1P6/p7/7K/8 w - - 0 39,-576
2k5/3n4/7p/5np1/pp6/5P1P/4B1P1/1N1K2R1 w - - 6 41,400
rnb1kbnr/pppp2pp/4pq2/5p2/7P/N4P2/PPPPP1P1/R1BQKBNR w KQkq - 1 4,-19
2n5/2p2k2/8/4p3/P1Np2PP/3P3N/3PB1K1/7R b - - 0 34,-896
8/5r2/6k1/P2p3p/5p2/5P2/2Pp3K/3B4 b - - 4 39,556
4k3/5pb1/pp1B1r2/8/3q2P1/N7/P3KP2/2R1N3 w - - 3 27,-537
rnbqkbn1/p1ppppp1/8/1p5r/8/5P2/PPPPP2P/RNBQKBNR w KQq - 0 4,-153
1nb1kb1r/r2ppp1p/1p4pn/2p5/8/4P3/1PPPNPPP/1NBQKB1R w Kk - 0 9,501
3q1k2/1rpBp3/np3n2/7r/2PP4/P7/1PK5/R2N3b w - - 1 28,-954
rnbqkb1r/p1pppppp/1p3n2/8/6PP/8/PPPPPP2/RNBQKBNR w KQkq - 1 3,84
r1b5/p1p3n1/8/1pk1np2/8/P5PP/P2PB2R/1RBK2N1 b - - 1 25,-595
r1bqkbnr/ppp1pppp/n7/3p4/5P2/3P4/PPPBP1PP/RN1QKBNR b KQkq - 2 3,34
3k4/5p1r/3P4/r5p1/b2p2P1/5P1B/8/4K3 w - - 1 32,-672
r7/p1pn2k1/p5pp/8/1P3Q2/3P1P2/4P3/4K1N1 b - - 0 29,-559
6n1/ppn1k1p1/2p2p2/2P5/P1N3P1/8/3PBKPR/R1B3N1 w - - 1 27,980
1n3b1r/rb6/p1pp2kp/8/P2P1P2/6P1/1B2P3/R3KB2 w Q - 0 24,-431
8/1p4p1/4p3/p2pkn2/8/3KPPP1/P7/6r1 w - - 2 26,-785
6n1/8/k2P2p1/1p6/4pP2/N1P5/7P/2Kb4 b - - 1 35,434
rn1qkbnB/1b2pp2/1ppp4/p7/3P4/2N4P/PPP1PPP1/R2QKBNR w KQq - 0 7,667
1nb1kbnr/rppqp1pp/8/3p1p2/8/P1P5/1P1PPPPP/RNB1KBNR w KQk - 0 5,-638
r1b1kbnr/3qp1p1/p7/5p1p/8/P7/1PP1PPPP/RNB1KBR1 w Qkq - 0 9,-638
8/8/1P1k1P2/2p5/3pp3/1B5N/8/3K4 w - - 4 41,659
8/p2k4/8/5p2/b2p1P2/8/2PP4/3K2N1 w - - 0 37,24
6n1/rpp3pr/p1k3N1/5N2/1P2p3/8/P2P4/1RBK4 b - - 2 26,-23
4r1r1/2p2p2/p2k2pp/4p3/N7/1N1PK1P1/2P2P1P/4RB1R w - - 3 30,895
2r5/pp1R1p1p/5k2/8/7P/6P1/5P2/1N1K3b b - - 3 31,276
rnbq1bnr/pp2pppp/3p4/2p1k3/P7/RP4P1/2PPPP1P/1NBQKB1R b K - 0 6,328
rnbqkbnr/2pppppp/8/pp6/5PP1/7N/PPPPP2P/RNBQKB1R b KQkq - 0 3,80
4kbnr/p3pn1p/8/5p1p/P4P2/4r3/1P1P2PP/R1BK3R b k - 1 19,528
r4b1r/2pk1ppp/p2p4/n4n2/5p2/B1PP3B/P2NN2P/R1Q2K1R b - - 0 16,-835
8/6p1/Pp1k4/3B4/6P1/b1P5/2KNqP2/8 w - - 0 38,423
rnb1kb1r/pp1ppppp/2p4n/q7/8/N3P1P1/PPPP1P1P/R1BQKBNR w KQkq - 2 4,44
rnbqkbnr/1p1ppppp/p7/2p5/P4P2/8/1PPPP1PP/RNBQKBNR w KQkq - 0 3,-20
8/4k3/2p5/P3p3/5p2/1K6/3PB2N/8 b - - 0 34,-586
r5n1/p2nb1N1/1p3p2/2pp2k1/7r/N1P1PP2/PPK1B3/1RB5 w - - 0 27,-32
r1bq2k1/3np1b1/6p1/p1p5/Pp6/3P4/1P2P3/R1B1KBr1 w Q - 1 27,-928
r2q1bn1/ppp2kp1/2n5/3ppp2/7r/4PP2/PPPP2P1/RNBQKB2 w Q - 0 10,-619
r5nr/p5p1/n4p2/1kp2N1p/8/PB2K2P/2PP2P1/R1B4R b - - 1 26,-442
rn1qkbnB/1p2p2p/2pp4/p7/P2P2b1/5N2/1PP1PPPP/RN1QKB1R w KQq - 1 7,647
5b1r/3B2pp/8/5n2/1p5k/1P3P1P/1K6/6N1 b - - 0 40,516
8/1kp2ppp/1p2b3/8/1K3P1P/4P3/6r1/7R w - - 0 39,-662
8/2k4r/2b1p2P/2p3p1/8/5P2/2P1P1P1/2R2BKR w - - 1 32,717
1k3b2/4p3/2r3qp/3p4/P7/7B/4K2P/R7 b - - 5 35,858
1rb2k2/pp1pr3/8/2pPp3/4p2P/7N/P1P3KP/2R2B1R b - - 6 23,-353
5bkr/n7/3p2pp/1p6/3P1P2/8/8/3RK1N1 b - - 0 34,523
rnb4r/pppq4/7p/3n1k2/1P6/P1PPP3/3K1PPP/2R2B1R w - - 0 18,-707
rnbq1b1r/p1p1p1pp/3p1k2/7Q/4P3/5NP1/PP1P1P1P/RNB1K2R b KQ - 1 9,-290
rnb2bnr/p1pkpppp/8/3p4/5P2/4P3/PPPPN1PP/RNBQK2R b KQ - 1 5,-613
2b5/1p3pp1/2p1p2n/r3k3/3b3P/1P4P1/4BP1R/1K6 w - - 4 28,-773
rnbqkbnr/1p1pp1pp/p1p5/5p2/7P/2N2N2/PPPPPPP1/R1BQKB1R w KQkq - 0 4,105
rq6/pk3p1N/1ppp4/8/1n1P3P/P1B5/1K3P2/5R2 b - - 1 35,595
1rb1k3/pp5r/2p2n2/7p/P4K1P/6p1/2P1P3/4RBNR b - - 3 29,246
8/8/kp1r4/p7/P1p5/2P5/1B6/R1K5 b - - 1 38,-194
4k3/8/3b4/6BP/P1BP4/R1NR4/1P3P2/6K1 w - - 1 39,1027
r1bqkbnr/pppppp1p/2n5/6p1/8/P4P2/1PPPP1PP/RNBQKBNR w KQkq - 0 3,49
2b3n1/r7/pn4k1/8/2P2pP1/P7/3PR3/4KB2 w - - 0 34,-510
rnbqkb1r/1pp1pppp/7n/1p1p4/7P/P1P5/3PPPP1/RNBQKBNR w KQkq - 0 6,-222
r1bqkbnr/pppppppp/8/n4P2/4P3/8/PPPP2PP/RNBQKBNR b KQkq - 0 3,46
rn1qkbnr/p1pppppp/1p6/8/5P2/N6P/PPPPK1P1/R1BQ1BNR b kq - 0 4,-371
rnb2bnr/pp5p/4p1p1/2p1k3/2P5/PP2K2N/3NP1PP/1RBQ1B1R w - - 3 14,825
rn1k1bQ1/pb2p1p1/1p6/3p1p1p/3P4/1R6/1pP1PPPP/4KBNR b - - 1 17,-541
r1bqkbr1/1pnppppp/p7/2p5/P1P5/1Q3K1B/1P1PP2P/RNB3NR b q - 3 10,28
rnbqkbnr/pp1p1p1p/2p5/4p1p1/1P4P1/P7/2PPPP1P/RNBQKBNR w KQkq - 0 4,-35
r5nr/1p1kpp1p/6pb/n7/8/3P4/P1K1PP1N/R2Q4 w - - 0 24,-358
r1b2bnr/ppppkp1p/n7/4p1p1/PP2P3/3K1PP1/R1PPQ3/1NB2B1q w - - 2 10,-658
rnbqkbnr/pppp2pp/4pp2/8/8/4P1PP/PPPP1P2/RNBQKBNR b KQkq - 0 3,-16
4R3/2p3p1/1p6/5n1k/2P5/5P2/2nBK1P1/1r4N1 w - - 1 37,185
rnbq1bnr/pp1ppkpp/2p2p2/8/8/2P5/PP1PPPPP/RNB1KBNR w KQ - 0 4,-699
2n5/r4k2/n4p2/P2p4/R5P1/3P4/5P2/2b1K1N1 b - - 1 30,473
rn1qkbnr/p1ppp1p1/1p6/1N3p1p/8/1P2PN2/P1PP1PPP/1RBQK2R b Kkq - 0 7,-107
5bb1/1p3k2/8/2p1pp1P/5p1P/3K4/1P6/8 b - - 5 35,876
rnbq1bnr/2pppk1p/1p3pp1/p7/3P1P2/NP6/PBP1P1PP/1R1QKBNR b K - 1 6,-26
1nb1kbr1/r1p1p1pp/P4p2/1p1q4/8/3P1NP1/P1P1K1PP/R1BQ1BNR w - - 0 12,537
r1bqkb1r/pppppp1p/2n4n/6p1/4P3/5PP1/PPPP3P/RNBQKBNR w KQkq - 1 4,160
rr6/p2n2p1/4p3/Pbp2pkp/8/1PP1K3/NB1P4/R5N1 w - - 0 37,-453
5k2/p2p3r/p1p1p3/P1P4p/2nbp3/6PP/R1P5/2B1K3 w - - 1 31,-449
7r/3kn1p1/7p/1q6/rP1p2P1/6R1/3P1N2/2B1K3 w - - 5 32,-702
rnbqkb1r/ppp2p2/3pp1pn/7p/8/1PN2NP1/PBPPPPBP/R2Q1K1R w kq - 0 8,149
r1bqkb1r/pppppp1p/2n3pn/8/1P3P1P/8/P1PPP1P1/RNBQKBNR w KQkq - 1 4,-4
5R2/3k4/6p1/4K2p/2P2P1P/8/P7/5BNn w - - 0 41,749
rn1k2nr/pp4p1/4b2p/3pPp2/1K6/N4N2/P1P1PPPP/3Q1B1R b - - 0 14,-457
rnbqkbnr/pp1pp1pp/2p5/5p2/8/P3P2P/1PPP1PP1/RNBQKBNR b KQkq - 0 3,21
1rb3nr/pp1p1pp1/n1p1k3/4p3/2P1P1p1/N7/R2PN1BP/2BQK2R w - - 0 14,926
8/8/7P/5k2/3P3R/2K2NP1/8/1R3B2 w - - 7 41,996
rnb1k1nr/pppp1ppp/4p3/2b5/2P5/6P1/PP1PP1K1/RNBQ1B1R b kq - 2 6,-474
r1bqkbnr/p1pppppp/n7/1p6/5P2/BP5P/P1PPP1P1/RN1QKBNR b KQkq - 2 4,169
rnb1k1nr/p1p2ppp/3p4/1p2p3/1b1qP3/3P2P1/P1PN1P1P/R1BQKB1R w KQkq - 0 8,-472
3R4/1k6/8/B4P2/P7/2K1p3/8/8 b - - 0 39,-647
1n2k1r1/6bp/3p4/4p3/8/N1P1PP2/PP1K3P/R1B2b2 w - - 0 21,-245
3k1bnr/p1p1p1pp/2b2p2/8/1Pp5/7P/4NK2/8 w - - 0 27,-828
1r2kb1r/p3pp2/1p3n2/6Np/NPP5/P7/8/R1B1K3 b Qk - 2 24,638
rnbqkbnr/p1ppppp1/8/7p/1p1P4/N5P1/PPP1PP1P/R1BQKBNR w KQkq - 0 4,57
rnbq1bn1/p1pppk2/1p6/6p1/3P4/P7/1PP1PPP1/RN1K4 b - - 0 11,1004
2rq1bn1/2pnp1k1/3p1p2/3P4/5N2/4P3/R2N4/1B1K4 w - - 3 32,-280
3k4/1p5B/4p2B/8/2P4P/b1N3p1/4K3/7R b - - 0 37,-676
1nbqkbn1/r3p2R/1pp3p1/p2p1p2/P7/2NPP3/1PP1QPB1/R1BK4 b - - 5 15,-151
r4b1N/2kb3p/n1p1p3/p7/R7/1pN2Q2/3P2RP/2B2K2 b - - 2 24,-547
rnbqkb1r/pppppp1p/5n2/6p1/1P6/P4P2/2PPP1PP/RNBQKBNR b KQkq - 0 3,50
1N6/p4k2/4rp2/8/2P5/5KP1/3PB3/8 w - - 5 33,435
rn2kbn1/p1p1p1pr/bp1q4/5P2/2P4p/PP2K3/5PPP/RNB1QBNR w q - 1 11,-123
rnbqkb1r/1pppp3/5p2/p4p2/8/8/PPPPPK1P/RNBQ1B1R w kq - 0 7,-290
r1b1qb1r/1p1np1p1/4k3/P1p2p1p/2P4P/P2PP3/3Q1K2/RNB3NR w - - 1 13,74
3qkb1r/2rp2p1/3p1p2/pBp2b1p/1n6/PP6/3PKP1P/R1B5 b k - 1 19,1066
rnb1kbnr/pppp1ppp/5q2/4p3/8/2P2P2/PP1PP1PP/RNBQKBNR w KQkq - 1 3,-51
2b5/3pp1k1/8/5K1p/5Pp1/2N1P1P1/3BN3/1Q3B2 b - - 0 37,-883
rn1qk1nr/1pp1p1bp/p2p1p2/6p1/1PP5/B5PP/P1P1PP2/2RQKBNR b Kkq - 0 9,-41
rnbqkbnr/pp2p1p1/2p2p2/3p3p/P4P2/4P3/RPPPN1PP/1NBQKB1R b Kkq - 1 5,183
4kb2/1p6/8/P6r/RPp4p/2P1n3/1K6/8 w - - 0 37,-524
3k4/2p2p2/2n5/6P1/1p2PK1p/8/8/8 b - - 1 40,660
rnbqkbn1/pppp1p2/4p1p1/r7/8/1P3P1P/P1PPP3/RNBQKBNR w KQq - 1 6,-236
rnb1kbnr/pp1ppppp/8/2p5/8/P7/RPPPPPPN/1NBQKBR1 w kq - 0 6,688
rnbqkb1r/p1ppp1pp/7n/1P3p2/3P4/5N2/1PP1PPPP/RNBQKB1R b KQkq - 0 4,-316
6k1/2n5/8/2p3PP/2N2p2/2p2N1P/4P3/4KBR1 w - - 0 33,768
r1bqkbnr/pppp1ppp/n7/4p3/8/8/PPPPPPPP/RNBQKBNR w KQkq - 0 3,-31
r2qkbnr/p1ppp2p/b7/1p3Q2/7p/P1N5/3PPPP1/R1BK1BNR b kq - 1 10,-464
rr4k1/4bp1p/1pPp1p1n/8/1K6/8/4BP1P/4R3 b - - 0 32,680
rnb3nr/ppp1kppp/4p3/3p4/1P6/3P3P/P1PNPPP1/R3KBNR b KQ - 0 10,53
rnbqkbr1/ppppnppp/8/4P3/8/2PP4/PP2P1PP/RNBQKBNR b KQq - 0 4,-171
r1bk1bnr/pp1p1Bpp/n1p5/5p2/5P2/4P2N/PPPP3P/RNBQ1K1R b - - 4 9,-693
rnb1k1nr/pppp2p1/3b1p2/4p2p/P3P2q/2N2P2/1PPPK1PP/R1BQ1BNR w kq - 0 6,186
1k3br1/4p3/2PpP1p1/8/1PP4p/1K5p/8/8 w - - 1 40,-491
rnbqkbnr/p1ppp2p/1p4p1/8/P4Pp1/4P3/1PPPB1PP/RNB1K1NR b KQkq - 1 6,665
1rbq2nr/pppp1pp1/5k1p/2n5/1PP2P2/B4N1P/P2PPK1R/R2Q1B2 b - - 4 12,-280
rnbqkb1r/pp1ppppp/7n/2p5/8/PP3P2/2PPP1PP/RNBQKBNR b KQkq - 0 3,85
4Q2B/2k5/3p4/1p1b4/p1p1pP2/P3P3/P6P/R1K2R2 b - - 1 38,-853
1nb2bn1/1p2pk1r/6p1/B1P4p/P1p2P1P/6P1/RP2K3/1N3BNR b - - 2 18,-492
rn1qkb1r/pb1ppppp/5n2/2p5/4P3/8/PPPP1PPP/RNBQK1NR w KQkq - 0 4,-514
2bqkbnr/rp1ppppp/n7/p1p5/2P5/4P1P1/PP1PKPBP/RNBQ2NR b k - 2 5,-34
5b1r/1p2p1pp/2k2p1n/7P/P2P4/1P4R1/3P1P2/RNBK4 b - - 0 26,-617
5r2/6k1/4r3/p3p3/P6P/6P1/8/4KB2 w - - 0 36,-638
rnbqkbnr/1ppppp1p/8/p5p1/2B1P1P1/8/PPPP1P1P/RNBQK1NR b KQkq - 1 3,-9
1rbq1b1r/2pp1kp1/1p3p1n/p3p2p/8/2NBPP1N/PPPP2PP/1RBQK2R w K - 0 10,578
4r3/6k1/3p4/3Pp2P/P3b3/1N5p/1P5n/2R1K3 w - - 2 41,-464
8/8/2nB2k1/8/6P1/4Pp2/1p6/5K1R b - - 0 40,699
6kr/p7/1np2Rpp/8/8/3b2PP/8/4K1NB b - - 5 36,187
2bqkbnr/p2np2p/2p2p2/1r1p1p2/3P4/5K1P/PPPBP1P1/R2Q1BNR w k - 0 10,-507
1r1qk2r/1ppb2pp/4p3/7P/pb2pB2/4N2N/P1P1BPP1/R2Q1K1R b k - 1 17,-502
r7/p7/1p4kn/4p2p/2P3b1/1PK1P1P1/P3N2P/2R2R2 w - - 4 33,450
2rk4/3n2K1/pppp4/8/8/4PP2/P6P/2B2R2 b - - 8 37,-63
r1bqkbnr/p1ppp1pp/2n5/p4P2/8/7N/PPPP1PPP/RNBQK2R w KQkq - 0 5,9
R7/8/6pk/8/2pp1P1P/6P1/8/4K1R1 w - - 2 37,663
2b4r/R1B3k1/2p3p1/2Pq3p/4p3/6P1/P3PP1P/4KBNR w - - 3 22,214
rnb1kbnr/2ppqp2/pp3ppp/8/1PP4P/4P3/P2P1PP1/RN1QKBNR w KQkq - 1 7,-474
rn3bnr/1P3kp1/4pp1p/pN6/8/4P2N/PP1BKPPP/R3QB1R b - - 0 11,-1066
rnb3nr/pp1p1k1p/2p2bp1/2P1p3/N3P3/3BP3/PP1K2P1/R5N1 w - - 3 19,-616
rnbqk2r/p1np1p1p/1pp5/8/1B2P1P1/3P3P/PPP1P3/R2QKBNR b KQkq - 0 10,-200
rn3k2/3b2p1/ppp1pp1r/8/1PP3P1/P5P1/4P3/RN2KB2 b - - 0 21,587
1r5r/1p3p1p/2k1p2p/p3P3/5PP1/3P1K2/8/4N3 b - - 1 34,767
rnb1kbnr/pppp1ppp/4p3/6P1/8/1P6/P1PPPPP1/RNBQKBNR b KQkq - 0 3,-699
rn1qkbnr/1pp1ppp1/p2p4/6Np/5P2/2N3P1/1PPPP2P/R1BQKB1R b KQkq - 1 7,-611
rnbqkbnr/ppp2ppp/3p4/4p3/1P6/2N5/P1PPPPPP/R1BQKBNR w KQkq - 0 3,-9
1rbqk1nr/pppp1p1p/n3p3/8/P5p1/2PP4/4PPPP/RNBQKBNR b KQk - 1 8,-538
r1bqkbnr/pppppp1p/2n3p1/8/6P1/2N5/PPPPPP1P/R1BQKBNR w KQkq - 0 3,-36
5b2/p1p1r1p1/1p3k2/3P4/2PNp3/7P/P1K2P1R/R4B2 b - - 1 26,-717
rnb3R1/4k3/8/1K5p/p7/3P3p/3NP2P/7R b - - 2 37,58
rnbqkb1r/3p1ppp/1p2p3/p1p5/6P1/3P1N2/PPP1PP1P/RNBQKB1R w KQkq - 0 7,542
r4b1r/4p2p/p2p2p1/6B1/k3P1B1/8/5K1P/6NR b - - 0 25,-104
rn1qkbnr/2pppp1p/b7/pp4p1/5NP1/1P5P/P1PPPP2/RNBQKB1R w KQkq - 0 6,116
1r2k3/2p1p3/4b2p/1p1p4/3P1P2/1PB5/2P1PR2/1N1Q1BK1 b - - 0 21,-843
rnbqkbnr/1ppppp1p/8/p5p1/P7/N7/1PPPPPPP/R1BQKBNR w KQkq - 0 3,132
4rrk1/p3n2p/n2b1p2/2p1p1p1/p1P5/N3PPP1/R2B3P/4K1NR w K - 3 20,-38
8/8/2kNN3/8/2P5/4P3/P4P2/R3K3 w Q - 5 41,822
8/7k/8/8/4PP1p/1P3K1P/8/1B4R1 w - - 3 34,824
7r/pnk5/7r/5p1p/8/7B/P1K1PP2/8 b - - 3 35,803
2kr1bnr/p3p3/2p3b1/5pNp/5P2/PP2P3/4K1PP/5B1R w - - 1 20,-435
8/k7/2p1p3/2P4P/p5p1/4P3/8/K7 b - - 4 40,411
rnb1k1nr/3p1pbp/p7/4p3/1P3p1P/8/P2PPK1P/RNBQ1BNR b kq - 1 12,-545
5k2/8/4p3/4P2p/8/5P2/nN1K1P2/6r1 w - - 6 39,-473
4kb2/r3p1pr/1qp2p2/pp3P2/2p4p/P3PR1K/RP2P3/1NB5 w - - 2 23,-850
6n1/1k1Pq1r1/5p2/8/3b4/8/7P/1N3KN1 w - - 5 41,-731
rnbqkb1r/ppppppp1/5n2/7p/P7/5N2/1PPPPPPP/RNBQKB1R w KQkq - 2 3,36
2b5/3p4/5k2/6p1/2PbB3/3P4/N7/3K4 b - - 0 34,32
8/1p4bp/3r1p1k/8/r1Pp3P/8/3P4/1N1K3R w - - 1 37,-620
rn2k1nr/1bpp1pp1/7p/b3p3/4P3/N1P1K2N/P2P2PP/R1B2B1R w q - 3 13,-116
r6r/p3kp1p/6pb/3pP3/7P/5P2/bP2N3/3K1BNR b - - 0 18,553
3k3r/7p/5n2/3pp3/4p1b1/RB4P1/1R6/6K1 b - - 1 36,227
2bqkbnr/1ppp1ppp/n5r1/P3P3/8/6P1/P1PPP2P/RNBQKBNR w KQk - 1 6,160
rn3bkr/1p2p1p1/pP5p/8/8/P2p1P1P/3P3P/2KR4 w - - 1 23,-832
3qkb1r/1ppbpp1p/8/Q5pP/8/2N5/P2PPP1P/R1B1KBNR b KQk - 0 10,-644
2Q2bn1/3n4/4k1p1/1Np1p3/8/1PP2P2/7P/2R1K2R b - - 2 26,-880
r3k1n1/ppn2pp1/2b3p1/8/2P2b2/1P6/4PP2/1N4K1 w q - 0 18,-949
1nbqkbnr/rppppp2/p6p/8/P7/3P2P1/1PPNPP1P/R1Q1KBNR b KQk - 3 7,399
1n2kbnr/2r5/1p1pp3/5q2/P5p1/5N2/1P1P3P/1RBN1K1R w - - 0 23,-815
rnbqkbnr/ppp1p1pp/8/3p1p2/8/P7/NPPPPPPP/R1BQKBNR b KQkq - 1 3,73
r5r1/p3kp2/P1p4p/3p2p1/8/2B1P1PP/3P1P2/5K1R w - - 0 24,-134
r7/2kp4/n7/6pP/1p2P2p/8/2P1K1BP/4R1R1 w - - 1 37,537
r1bqkbnr/p1ppp1pp/1p6/5p1P/5P1R/2P5/PP1PPP2/RNBQKBN1 w Qkq - 0 7,584
r4n2/1pk3B1/p1pp4/8/3PP2K/5Q1b/P1P4b/R6R b - - 1 32,-558
1N3k2/4n3/5ppr/3p4/P2P1PPP/5K1B/8/2B5 w - - 7 38,440
6n1/rbp5/p3p1k1/Pp6/8/1P2P2K/8/8 w - - 1 41,-816
rnb1kbnr/pppqpppp/3p4/8/7P/6P1/PPPPPP2/RNBQKBNR w KQkq - 1 3,40
4k2r/Np6/2p1nn2/4Qpp1/7p/PR5P/8/2B1R1K1 b - - 4 35,-858
3q1bnr/1p3kp1/3p4/4pP1p/P1p5/2P2P2/1P1B3P/RN1K3R b - - 1 19,567
rnbqkbnr/pp1ppppp/8/8/Pp6/8/2PPPPPP/RNBQKBNR w KQkq - 0 3,-166
rnbqkbnr/pp1pp1pp/8/2p2p2/8/N6P/PPPPPPP1/R1BQKBNR w KQkq - 0 3,-55
rnbqkb1r/ppppppp1/5n1p/8/1P6/P7/2PPPPPP/RNBQKBNR b KQkq - 0 3,52
rnb1kbnr/1p1pqppp/4p3/p1p5/4P2P/7N/PPPPBPP1/RNBQK2R w KQkq - 2 5,113
3r2r1/1ppknB2/n3p3/p5p1/P1P5/2N4P/1P1P2PK/1RB4R b - - 0 27,-384
1n1k3r/r1pp1p2/pp3n1p/3p4/7P/1P1P1P1B/P1P5/RK2Q1NR b - - 3 21,-623
6nr/2k5/p6p/8/3P1p2/7P/P1b1P3/4QK2 w - - 0 28,490
2k1r3/2p2pbp/6p1/Pp6/5pbP/1N6/2K5/4q3 w - - 2 39,-5000
2n5/8/2p2p1r/2k5/3p2P1/3P3B/3N1P2/5K2 w - - 0 40,-260
rn2kbn1/pp4pr/4p3/2p1P2p/8/1PP3PP/P4K2/R1B2NNR b - - 0 17,-48
rnbqkbnr/4pppp/2p5/P7/4p3/8/P1PP1PPP/RNBQK1NR w KQkq - 0 6,-632
rnbq2nr/p2pkpp1/1pp2p1p/8/1bPP4/3QK3/PP2PPPP/R1B2BNR b - - 3 8,582
1R5B/2p1nk1p/8/2n5/7P/2N5/8/5K2 b - - 4 36,-424
5k2/p7/1p1p4/5P2/2p5/P1N5/R1BP4/2BK4 w - - 5 39,924
2k5/8/8/p1p3pP/P1P3P1/3K4/N3N3/8 w - - 2 41,808
5k2/7p/p7/P1N5/7p/3P3N/P3RK1P/6r1 b - - 1 39,-671
rn2kb1r/p4ppp/1ppp3n/3p4/5PbP/8/PPPP1KP1/RNB2BNR w kq - 2 8,-205
3rknn1/2p1p2r/3p4/pq6/4P1P1/3P3N/P7/2BK4 w - - 0 21,-1053
3n4/pB1bk3/1r6/6P1/P2p1Kp1/2N4N/P3PP2/R7 w - - 1 36,566
r1bk1b2/3npn2/1p4p1/p7/2PN1P2/N5P1/PP1PP3/R1BQK3 w Q - 0 18,613
r1bq1b1r/p2ppk1p/1p3p2/8/2P1P2p/P2P4/NP2NPP1/1RB1K1R1 b - - 0 16,638
rnb1k3/8/pp2p2p/2p3p1/2P3P1/NP6/P2P1R2/1RB1KB2 w - - 0 20,749
1rb1kbnr/pp2p3/1qpp2pp/2n5/2P1PP1P/2N5/PP1PN1P1/R1BK3R w k - 0 12,-781
4r1k1/1pp3p1/p3p2n/8/2pNp2P/P3P3/1R6/R1K5 b - - 0 25,-246
r5nr/p1p1p1k1/3p3p/Q6P/5P2/3K3R/P1n1P1P1/2R2BN1 b - - 0 24,-762
2qr1b2/1b1p1p1p/p1p1p3/6P1/P7/4B1N1/2P3KP/k7 w - - 0 29,-648
1rk4r/8/4p1P1/p4p2/5b1P/P1p5/4P1K1/8 w - - 0 34,-752
r1b1kb1r/p2pp1pp/n1p4n/5p2/Pq5P/8/RPPNPPP1/2BQKBNR w Kkq - 5 8,0
r1b3qr/pppp1k1p/n6p/5p2/2PP4/bP2P3/P1KN1PPP/3R1BNR w - - 4 11,-731
r1bqkbnr/1ppnpppp/3p4/p7/3P1P2/N6N/PPP1P1PP/R1BQKBR1 b Qkq - 0 6,62
rn2k1nr/pp2ppbp/3p4/2p3p1/4P1b1/NP6/P1PP1PPP/1RB1K1NR w Kkq - 0 8,-547
rn6/pk3p2/2p1p1p1/7p/P7/bPK1B2N/4PPP1/R3NB1R b - - 0 21,-803
r3kbnr/3pp3/n5p1/5p1p/3P3P/P7/1P1Q1P2/R1B1K1Nb b kq - 0 14,282
b5N1/8/8/5p1p/2k4P/6P1/5P2/3K4 b - - 3 37,-15
6k1/R4p2/7R/1P6/3B1p2/1P6/3KP3/1N4N1 b - - 0 30,-5000
7r/p4k2/Pp5p/8/8/3n1P1B/P6P/4RR1K w - - 2 32,671
rn6/1p2np1p/3p3k/p1p5/5P2/4P3/2N3K1/8 b - - 0 29,873
1nbqk1nr/1p4bp/2p1p1p1/rp6/3P2P1/B4P2/P3P2P/RN2KBNR w KQk - 1 11,-785
r3k1nr/1ppnpp2/7b/p7/4P3/5P2/PPP1PP1P/R2K1B1R b kq - 0 12,696
r7/1p1n2b1/3k1n2/6p1/PP1p4/3r2P1/8/4K1N1 w - - 1 35,-914
8/p3p3/2p4n/3p1k2/3B4/3P4/2P3K1/8 b - - 7 40,399
R1B3n1/1pp1p1b1/1p1p1n2/1k2r3/7P/5P2/3P1K2/1NB4R b - - 0 27,-526
rn1qk1r1/3pp2p/5p1b/p1pP2p1/P7/N7/1P1PPPPP/2BK1BNR w q - 2 13,-549
1n3r1k/6b1/1p6/3p1n1P/P7/1PP5/4B3/2R3K1 w - - 5 30,-459
rn1k1b1r/pq1b1ppp/2p5/3p4/1P3P2/P4P2/2PN3P/R1B1K1NR w KQ - 2 12,-759
rn1qkb1r/4pp1p/1pp2p2/p2p4/8/3P1P1N/PPPBP1P1/R2QKB1R b KQkq - 1 8,-540
1n1k4/r3r3/1p6/pP3P2/4p1pP/1P5R/4NK2/8 w - - 0 38,-404
2r1kbnr/ppp1p3/2np4/5p1p/P7/4PP1P/RPPP4/1NBQKB1R b Kk - 0 10,-629
4rrk1/1n3p2/p3p2p/7p/8/1p3PPN/6RP/5KR1 w - - 2 30,-386
rnbqkbnr/3ppppp/8/pNp5/8/6P1/PPPPPP1P/R1BQKBNR w KQkq - 0 4,277
5n2/2r5/4pp2/p7/1k2BB1p/4P2P/5P1P/4R1K1 b - - 0 33,-418
rnbqkbnr/pp1pp1pp/2p2p2/8/P7/6P1/1PPPPP1P/RNBQKBNR w KQkq - 0 3,53
Bnb2k2/3p1p2/p7/2P3p1/2PN1p2/B1P5/P4P2/4K3 b - - 1 33,-479
rn1r4/p7/1p2k2n/6p1/Pp6/8/1B1PPPKP/1N3Q2 w - - 3 23,495
8/1bp2k2/5n2/p1P4p/8/2P1K1P1/P2B4/8 w - - 0 38,-449
rn1k3r/1p2pp1p/6pP/p7/P7/3P4/P1K1P2P/R1B3NR w - - 0 19,620
1rb1qk1r/p1ppn1p1/4pp2/1p5p/1P1RPP2/B7/2PP1NPP/1N1QKBR1 b - - 0 13,-637
rnbqkbnr/1p1pppp1/p7/2p4p/5P1P/2P3P1/PP1PP3/RNBQKBNR b KQkq - 0 4,85
r5n1/pk5p/8/8/2Np3P/5b2/6R1/4b2K w - - 2 37,-660
1nbnk3/3p4/2r5/4p3/1P3p2/8/R3B3/1N1K2N1 b - - 5 31,259
rnbqkbnr/1pp1pppp/3p4/p7/7P/2P3P1/PP1PPP2/RNBQKBNR b KQkq - 0 3,32
rnbqkbnr/p2p1pp1/3p3p/1p2p3/6P1/3P4/PPP1PP1P/R1BQKBNR b KQkq - 0 5,504
1r2kb1r/1p1npppp/8/p7/q5P1/P3PN2/RP1P1P1P/1bB1KBR1 w k - 1 16,-545
rnbqkbnr/1p1ppppp/p1p5/8/4P3/N4N2/PPPP1PPP/R1BQKB1R b KQkq - 1 3,-24
rnbqkbnr/pp1pp1pp/2p5/5p2/5P2/P6P/1PPPP1P1/RNBQKBNR b KQkq - 0 3,133
r1bqkbnr/1pppp1pp/n7/p4p2/8/N2P3N/PPP1PPPP/R1BQKBR1 w Qkq - 0 5,67
rnbqkbnr/ppppp2p/5p2/6p1/P1P1P3/8/1P1PBPPP/RNBQK1NR b KQkq - 0 4,-263
rnbqkbnr/ppppp2p/6p1/5p2/3P4/P7/1PP1PPPP/RNBQKBNR w KQkq - 0 3,48
2B3k1/3N4/4p3/p4p2/5b1p/P2P4/2P1P3/3K4 w - - 4 39,282
rnbqkbnr/pp1p1ppp/4p3/8/3p4/6P1/PPP1PP1P/RNBQKBNR b KQkq - 1 4,167
rnbk2nr/1p1p3p/4p3/p7/3b1P2/P1N5/1PPKP1P1/R1BQ1BN1 w - - 0 15,674
8/4k3/nbp3r1/7p/P6p/3P4/1PN5/1RB1K3 b - - 2 37,408
rnb1kbnr/pp1ppp1p/8/2p5/6p1/2NP3N/PBP1PPPP/2RQKB1R w Kkq - 0 6,597
rnbqkbnr/2pp1ppp/pp2p3/8/4P3/8/PPPP1PPP/RNBQKBNR b KQkq - 1 4,62
1Rb3R1/rp1p4/p3k3/6P1/3P4/3BP3/P2P1K2/RNBQ2N1 b - - 2 22,-1109
5b2/3k1p2/1pnp3p/1B2p3/6P1/P3pK2/1PP5/RN6 b - - 3 31,-409
r1b1kbr1/p1pnpppp/1p1p3n/8/4P3/P1N5/1PPP1PPP/R1BQK1NR w Kq - 0 11,651
1r6/p2k3p/1q3p2/2pp4/5N1P/P2PP1Q1/6RK/2B3NR b - - 0 36,-982
2N2k2/8/b7/6Bp/8/6P1/1R2PP1P/3KR3 w - - 1 34,775
6r1/1pp2k2/6p1/PP1p4/1R6/1P1K4/5Pp1/1N6 w - - 4 34,450
6nr/1P1kpp2/5bp1/7p/1R6/2N1P3/1PPP1P1P/3K3R w - - 1 26,1026
2r5/1b1k1P2/4p3/1ppp2B1/8/6P1/4N3/RK6 w - - 1 36,441
B3k1n1/3p4/p2B4/5p2/pnPp3p/8/4P3/RK3R2 b - - 0 30,-657
r1bqkb1r/p1p1pp1p/1pnp2p1/8/2B1P2P/N7/PPPP2PR/R1BQK1N1 b Qkq - 0 7,-274
r1bqkb1r/pppppppp/5n2/8/1n6/1P3P1N/P1PPP1PP/RNBQKB1R w KQkq - 1 4,21
1r2n2k/pp5p/2p2p2/5b2/3P4/P1P1KP2/P6P/2R2BNR w - - 0 28,589
r1b5/pp1k1q2/8/2p1p2p/4P3/1P4bP/P3K3/n1BN4 w - - 0 28,-947
rnbqkbnr/p1ppp2p/1p4p1/1Q3p2/2P5/5P2/PP1PP1PP/RNB1KBNR b KQkq - 1 4,223
7k/8/pppp4/6B1/1R4p1/7r/P7/1N3K2 b - - 1 39,-364
7r/p3k1p1/n4p1p/2p4P/P3Pp2/3P1P2/6BP/RN2K1R1 w Q - 2 30,746
5b1r/1k2pP2/2n4p/p2p4/3P1P2/4PKP1/4N3/8 w - - 0 36,-542
rnbqkbn1/pppppppr/7p/8/1P6/4P2P/P1PP1PP1/RNBQKBNR b KQq - 0 3,-74
2kr1b1r/p1q5/2np3p/3p1p2/1P5P/3PP1P1/3P4/1RBKN2R w - - 2 25,-461
rnbq1b1r/pppp2pp/3k1p1n/8/2B1P3/6P1/PPPP1P1P/RNB1K1NR w KQ - 1 8,-571
8/3r2p1/6kp/8/4R3/4P3/P7/4K3 w - - 1 41,-30
rnb1kbnr/1p1ppppp/p1p5/8/P2P4/5P2/1BP1PKPP/RN1Q1BNR b kq - 0 5,-623
2k2b2/8/P5B1/8/7R/4P3/1N2K3/8 b - - 4 40,-633
rnbqk1nr/1pppbp1p/4p1p1/p7/8/2NPPP1N/PPP3PP/R1BQKB1R b KQkq - 3 5,-19
2q2k1r/r2pp3/1Rp2ppp/8/8/4P2P/1PPP1PPR/1NB1K1N1 b - - 1 14,407
rnb2bnr/3k1p1p/2pp2p1/pp6/4PP2/2NP3N/PPP1Q2P/2R1KBR1 b - - 1 12,-648
r1b1kb2/p1p2q2/1p1pp2p/2n2p2/P1P5/2R1PPnP/1P1P2B1/1NB1KR2 w q - 2 16,-457
rnbqkbr1/pppppppp/5n2/8/5P2/2P4N/PP1PP1PP/RNBQKB1R b KQq - 2 3,-34
rnbqkbnr/p1pp1p2/1p4pp/4p3/2P4P/4P3/PP1PNPP1/RNBQKB1R w KQkq - 0 5,74
r1bqkbnr/p1pp2pp/np6/4pp2/1PP5/7N/P2PPPPP/RNBQKB1R w KQkq - 1 7,73
rnbq1b1r/p1p1p3/3p3k/Pp6/7P/2PP4/2P1P1P1/R3KBR1 w - - 0 14,-672
rnbqkb1r/ppppppp1/7n/7p/1P6/5P1P/P1PPP1P1/RNBQKBNR b KQkq - 0 3,272
2r5/pp1b4/k1p3p1/4p1P1/3nP3/r7/8/4K3 b - - 1 37,1164
r1bqkbnr/1ppppp1p/2n5/p5P1/7P/N7/PPPPP1P1/R1BQKBNR b KQkq - 0 4,-105
rnbqk1nr/ppppbppp/8/4p3/8/5P1N/PPPPP1PP/RNBQKB1R w KQkq - 2 3,-79
rn6/3k1p2/1pp2P2/p7/P7/2P1r1P1/K7/2r5 w - - 12 38,-925
3r4/2pk4/2b4p/2K1p2p/7P/8/8/2RN4 b - - 7 33,335
8/5ppr/7p/b3k3/2P5/4P3/5K1P/7N b - - 3 39,571
8/2pkP3/5p2/2PP1p2/8/P5P1/R2PK3/2B1N2r w - - 0 33,547
r2qkb1r/pBpbpp1p/3p1np1/8/2P5/1P2P3/P2P1PPP/RNBQK1NR b KQkq - 0 6,-461
rn1qkb1r/p1ppp1pp/P7/3n1p2/5P2/6P1/PP1PP2P/RNBQKBNR w KQkq - 1 6,559
rnbqkb1r/1ppppppp/p7/8/4n3/5N2/PPPPPPPP/R1BQKB1R w KQkq - 0 4,-495
rnbqkb1r/ppppp1pp/7n/5p2/7N/2N5/PPPPPPPP/R1BQKB1R b KQkq - 1 3,27
8/4k3/6p1/8/1b1P4/6PP/2K5/7R w - - 1 41,515
rnbq1bnr/ppppp3/6p1/4kp1p/2P4P/8/PP1PPPP1/RNB1KBNR w KQ - 0 10,-503
8/1P6/p5bk/4K3/Pp6/3P4/2P4N/R7 w - - 1 39,858
1nbq1bnr/1pp1p1p1/4k2p/8/1p2P3/8/2PP1PPP/rNB1K1NR w K - 0 9,-815
rnbqkb1r/1ppppppp/p4n2/8/8/1PN4N/P1PPPPPP/R1BQKB1R b KQkq - 2 3,136
5n2/p4k2/3bp1pn/2pp3p/8/NPPKP3/1B6/3RR3 w - - 4 32,473
3k4/6B1/2P1P3/2R3P1/1p2P3/5N1B/7P/5K2 b - - 2 35,-901
r3k3/p6p/2p1p3/4n3/1P2KR2/4P1P1/P1PP4/RNB5 b - - 0 19,-648
rnbqkb1r/pp1pp1pp/2p5/5p2/1P4n1/4P3/P1PP1PPP/RNBK1BNR w kq - 0 5,-719
r1bqk1nr/pppp1ppp/n7/4P3/8/2N2N2/PP2PPPP/R1BQKB1R b KQkq - 0 5,-675
4k2r/7p/nN2pp2/6p1/1BP5/4P3/3KP3/5b2 w - - 5 33,-489
8/1np1n2r/7k/4P2p/4R3/6P1/6K1/1b6 w - - 4 41,-548
4k3/3b4/5r2/P4p1r/p6p/B3P3/4PK2/bN6 w - - 2 35,-737
5k1r/1p2p3/p2p3p/3np3/1b4B1/1K1P4/P4P1P/2R5 b - - 0 27,405
rn4n1/4kb2/2p1p2p/p3p1p1/P1P1P3/1P5P/R5K1/3B1N1R b - - 1 28,11
rnbqkbnr/ppppp2p/8/5pN1/5P2/8/PPPPP1PP/RNBQKB1R b KQkq - 0 3,-179
rnbqkbr1/1ppppppp/5n2/p7/8/6PN/PPPPPP1P/RNBQKBR1 w Qq - 1 4,-22
6n1/4k3/R1Bp1r2/1P2p1N1/1PP2P2/3PP1P1/7P/1NB2K1R w - - 7 31,1125
r7/2k1b3/2p2p1n/p1pp4/P4p2/N1P2p2/1P1P4/R1BK4 w - - 0 31,-439
rnbqkbnr/pppppppp/8/8/8/1P1P1P2/P1P1P1PP/RNBQKBNR b KQkq - 0 3,44
r4r2/1k2b1p1/1p2p2p/2p5/Pp3PPP/3P4/R1K3N1/5B1R w - - 4 30,326
1r2k3/6pp/1pp1B3/p3Rp2/5P1K/7N/3N1PP1/8 b - - 1 33,-739
8/p5p1/1bBp1p2/2p2P2/2p5/2P1RK2/P1k5/R7 b - - 5 38,-618
6k1/3n4/r3p1p1/pp3pP1/7R/4P3/P1PK4/8 w - - 5 36,-441
1R6/p7/5p2/3p1k2/3P2R1/P6P/7P/3K1B2 w - - 9 38,859
8/5pk1/8/2p5/P1P5/6b1/P2K4/1bN5 w - - 0 39,-339
3r2nr/p3k3/2p2ppb/P7/2P4P/N4K2/1q6/7R w - - 6 35,-846
r2qkb1r/p1ppp1pp/1p5n/2n2p2/2PP3P/N7/PP1BPPBN/R2QK2R b KQkq - 5 8,-499
rnbq1bnr/ppppkppp/8/3p4/8/6P1/PPPPPP1P/R1BQKBNR w KQ - 1 4,-397
r1k5/1p3pn1/3pp3/p7/3p4/R4P1P/2B5/2K5 b - - 1 27,533
r1bqkbnr/p1pp1ppp/np6/1N2p3/8/3P2P1/PPP1PP1P/R1BQKBNR b KQkq - 2 4,2
4k3/8/1P5p/P7/5p1P/B7/P2P1P2/RN2K1NR b KQ - 0 27,-997
r2q1bnr/pb1kp1p1/1pppp2p/8/P6P/3B1QP1/1PPP1P2/RNB1K1NR b KQ - 3 11,-422
rnb1qbnr/p1pkpppp/8/1p1P4/8/P5P1/1PPP1P1P/RNBQK1NR w KQ - 0 7,-218
2b5/2Rp2k1/1Q3p2/p7/5P2/b1K5/3R4/5B2 b - - 6 36,-784
6nr/p1k3p1/B1r5/3p3p/7P/P2PP3/5PP1/R4KR1 w - - 2 25,295
rnb1k1nr/p2pb3/1ppp1ppp/8/3P4/1PP1P1PN/P3P2P/R1BQKB1R w KQkq - 0 10,656
rnbqk1nr/p4p2/p7/2ppp2p/8/3P1P2/PPP1PKPP/RNB2BNR w kq - 0 10,-601
8/4n2k/3p4/R2p1pp1/8/5N1P/2P1K2R/3B3n b - - 3 38,-537
2b2k1r/2pp3p/8/4ppn1/P6R/1RK5/3PP3/1NB2B1N b - - 0 26,-606
r1bqkbnr/pppppp1p/2n5/6p1/8/4PP2/PPPP2PP/RNBQKBNR w KQkq - 1 3,40
n1b1k2r/3pn1p1/4pp1p/p6P/8/3PPPP1/2K4R/6NB b k - 2 25,560
rnbqkbnr/pppppp1p/6p1/8/4P1PP/8/PPPPBP2/RNBQK1NR b KQkq - 0 4,-31
1n2k1n1/3q1p2/rp3p2/p7/2P1P3/1P4p1/P7/4KB2 b - - 2 29,924
rnbqk1n1/pp1p3r/2p1pp1p/6p1/2P3P1/N4P2/1P1PP2P/R1BQKBNR b q - 0 8,-528
7r/4p2k/n2p3p/8/2pP1P2/7P/2PKP1B1/1r4B1 w - - 2 24,-532
1n4kr/1p2Pp1p/5P1R/1R4P1/1p3P2/8/1B6/1bK5 b - - 0 25,-874
2b4q/5rpp/3p1k2/1p6/1P2p3/r7/3KN2P/1R5R b - - 3 29,850
1n6/6Bp/p2P2p1/5p2/P6k/RP6/3P3P/3K2nR b - - 8 32,-678
rnbq1bnr/pppkppp1/3p3p/8/8/BP6/P1PPPPPP/RN1QKBNR b KQ - 1 4,-15
5b1r/1Bp1k1p1/3p1n2/p4p1p/2P2P1P/4P3/4N3/RNB2K1R b - - 0 21,-807
r1b1n3/p1ppkp2/n7/1N1PpP2/8/1P5B/1QPKPb2/7R b - - 2 20,-372
1N6/5k1p/p1q5/P4p2/1n1P4/4K1p1/1P1B4/1R2N1N1 b - - 0 35,5000
8/2pb1k2/8/3r2p1/1B4p1/2P5/P6K/1r6 w - - 3 39,-807
5k2/5p2/5P2/2P5/5n1P/1q6/8/1N3KR1 w - - 3 41,-524
r5Nr/3k4/2p5/p5P1/2P1P3/3K4/P3B3/5RN1 w - - 1 36,649
8/1p2k3/7R/2rPp1p1/8/4P3/1P6/1rB1KB2 w - - 0 33,-85
8/5Np1/5p2/3P3k/1b1P4/5P1P/4N1n1/5K1R b - - 1 38,-504
2bk4/rp1p1p2/4p1pr/2p5/5P2/2P4N/1b2K1PR/1N3B2 w - - 0 20,-537
8/5k2/pP2p1p1/4P3/6p1/8/3R1P2/3K4 w - - 0 38,704
1nb1r3/r3b2p/1p2k2p/p7/2P5/5PP1/PP5P/R3KBR1 w Q - 1 17,-554
5r2/8/1P3kn1/1P1P4/3P4/3K3b/8/R7 b - - 1 40,226
rn6/5k2/8/5K2/1PnN2P1/6P1/2P5/2B5 b - - 2 33,245
r1bqkbnr/p1pppppp/1pn5/8/P7/2N5/1PPPPPPP/R1BQKBNR w KQkq - 0 3,105
r7/p4p2/5p1k/6r1/2P1N1pP/P3P3/P3K2R/5R2 b - - 0 39,-422
8/3k4/B2p1p2/3P3p/7P/1P2K3/8/8 w - - 1 39,662
r4bnr/ppp1pkpp/n4p2/3p1B2/6P1/P1P1P3/1P1P1P1P/RNB1K1NR b KQ - 2 10,-599
r1bqkbnr/1ppppppp/n7/p7/8/P5P1/1PPPPPBP/RNBQK1NR b KQkq - 2 3,-60
4rb2/2p1p3/3k4/p2p1P2/P5P1/3n2N1/1P1P1P1P/RNB2K1R w - - 5 25,743
r1bqk1nr/ppp1pp1p/6pb/n2p4/3P1P2/4P2P/PPP1N1P1/RNBQKB1R w KQkq - 3 6,46
r1k2bnr/4pp2/1p4p1/7p/1n3P1P/2P3PR/8/2Kb2N1 b - - 2 26,843
r1bqk1nr/ppppb1pp/4p3/8/3Pp3/1PP4P/P2Q1P1P/RNB1KB1R w kq - 0 10,-312
rnbqk2r/1ppppp1p/p5p1/8/4B3/7P/PPPPP2N/R1BQK3 b Qkq - 0 10,581
8/8/5Nk1/p1p2R2/6KP/P1p5/2P3P1/1R6 b - - 1 40,-849
2q5/3n1n2/4kp2/1pP5/1P1P3N/6KP/8/8 w - - 3 30,-597
r2k1bnr/p3p3/n1p4p/P2p4/7P/5RPB/2bP1P2/2B1K1NR b K - 1 17,349
7k/1p6/p2P4/4r1Np/1P1B1P1p/P7/2K2P1R/RN6 b - - 7 40,-1028
r2q1bnr/pp1bpk1p/2p5/5p2/1P1N4/8/PP1PP1PP/R1B1KBNR b KQ - 0 12,522
rnbqkb1r/p1pppppp/1p5n/8/7P/8/PPPPPPPR/RNBQKBN1 w Qkq - 0 3,41
4k1n1/1r6/4p1pp/8/r1p4B/2K4P/P1P1p3/8 w - - 2 39,-877
rn3bnr/pp1k1pp1/8/1N1ppP1p/1p6/3P1P1N/PPP1BKPP/R1BR4 b - - 3 13,-362
r1b3n1/1p2k3/1Bp4r/4p3/1R6/2PKP3/5q1P/7R w - - 2 34,-621
rnbqkbnr/p2ppppp/1pp5/8/8/1PB5/P1PPPPPP/RN1QKBNR b KQkq - 1 3,-10
3r1k1r/p4p2/8/P1pn4/1p2P2p/4p2P/2P1K3/2R2BNR b - - 0 30,-98
rnbqkbnr/pp2pppp/3p4/2p5/7P/P4N2/1PPPPPP1/RNBQKB1R b KQkq - 1 3,29
rnbk2n1/p3p3/5ppb/6p1/2P5/4PP2/2NK2BP/2B1R3 w - - 3 26,23
2b5/rppn4/3k4/7P/3P3P/4KN2/3QP3/5B2 b - - 0 27,-575
rk3bQ1/p5pp/n7/1pp5/6NP/2P3P1/3K4/2B4R b - - 0 30,-771
r7/3Bp2N/6R1/p3q3/4P3/PPP2k1P/1K2Nn2/8 w - - 1 39,31
5r2/p1p5/3p1kq1/P2P1p2/1pB2K2/R3PPP1/1P6/3N2N1 w - - 0 38,-423
5r1B/1p3p1k/p1p3pn/8/P1p1pPpP/R3P3/4K3/5NN1 w - - 3 29,379
4k1n1/5pp1/8/b3p1P1/2K1N3/1B5p/4NP1P/7R w - - 0 31,740
rnb1kb1r/pp2qppp/2pppn2/8/2P1PP2/2N5/PP1PB1PP/R1BQK1NR w KQkq - 2 6,234
8/3r1k2/8/4P2p/4P3/b7/P3K3/4B1N1 w - - 1 39,-113
r1bqkb1r/pppppppp/n4n2/8/8/1PP2P2/P2PP1PP/RNBQKBNR b KQkq - 0 3,64
rn2b1kr/8/2p2n1p/ppb2Pp1/5R2/7P/P2N2K1/7R w - - 2 30,-770
1n6/4kpb1/4pp2/2N5/4pP2/1RP5/2KN4/2B5 b - - 1 32,-707
rnbqkbn1/1p1p1p2/p3p3/2p3p1/2P3P1/3P3B/PP1P3P/RNB1K2R w KQq - 0 10,-616
rnbqkb1r/1ppppp1p/p5p1/5n2/1P6/P1P4N/3PPPPP/RNBQKB1R w KQkq - 1 5,22
r1bqkb2/1ppppppr/2n2n2/p6p/2P5/3PB2P/PP2PPPR/RN1QKBN1 w Qq - 1 6,-32
6kr/2pP3p/8/3K2bn/3P3p/1P5P/8/8 w - - 3 41,-704
8/7r/1k1P3n/6pp/1KP5/6p1/6B1/8 b - - 2 40,311
r2k1b2/pp2np2/8/1Pp3Pp/P4n2/2N3K1/1P1P3P/R1B5 b - - 0 22,538
5r2/2p1N1kp/3p3n/8/1PB1KPPp/R6N/1P4P1/R7 w - - 5 31,856
rn2k2r/p5pp/5p2/P1N5/8/7n/7P/1RB1K2b b - - 0 19,590
r1bqkb1r/n1pp1ppp/4pn2/8/8/P7/1PPPPPPP/RNBQKB1R w KQkq - 0 6,-352
rnbqkbnr/pppp1p1p/6p1/4p3/6P1/1P6/P1PPPP1P/RNBQKBNR w KQkq - 0 3,-114
r1b1kbnr/ppqpp1pp/n7/2P2p2/5P2/B7/P1PPP1PP/RN1QKBNR w KQkq - 3 5,57
2b2b1r/1ppp1k1p/3q1pn1/4p3/6P1/5PR1/PP2P1QP/RNB1KB2 b - - 4 18,-401
6rr/1p2n1p1/2k4p/2p2P1P/1pP1P3/2NR1K2/8/1Nq5 w - - 13 35,-718
8/p4pkn/8/3Q4/1r6/P4PPP/2K5/R6R b - - 7 37,-655
r1bqkbnr/pp1ppppp/8/2Q5/4P3/N5P1/PP1P1P1P/R1B1KBNR b KQkq - 0 5,-480
2r5/p3p3/p1p3k1/7p/3P1P2/2K1P3/P7/R7 w - - 0 37,16
5r2/4pppp/1k6/8/1P1n1P2/3P4/1B1K2PR/R4B2 b - - 1 31,-714
5r1r/8/2b3p1/4R1p1/1pk4b/8/P2PP3/2K3R1 b - - 1 38,577
rn1q1bnr/pppkpp1p/6p1/3p4/1P3P2/6PN/P1PPP2P/RNBQK2R b KQ - 0 5,28
rnb3nr/2pp1kpp/pp2p3/8/1P1P4/8/P1PQPPPP/R1B1KB1R b KQ - 0 8,-710
2b3r1/5kpp/2Bppp1n/Rp5P/3p1P2/6P1/1PPKP3/1NQ3NR b - - 0 19,-846
6R1/2p1k3/8/1p6/7P/4K3/2b5/8 w - - 1 41,180
rnbqkbnr/p2ppp2/1p4pp/2p5/6PP/N4P2/PPPPP3/1RBQKBNR w Kkq - 0 7,-56
2r5/3r1k2/5pnp/8/1p6/1b3P2/4N3/1K6 w - - 0 35,-836
rnbq1b1r/ppppp1pp/6kn/5p2/P7/2P2PP1/1P1PP2P/RNBQKBNR w KQ - 1 5,240
1k3r2/p7/5pp1/4p2p/4P3/P1Pn4/6K1/5R2 b - - 4 36,534
8/4k3/6P1/8/8/2P5/3NK2P/6R1 w - - 0 39,906
1n2k1n1/1r3p1p/p7/p1p2p2/5N2/P1P1Pb2/RB5P/2K5 w - - 0 24,-547
3r4/p7/P3kp2/2r3p1/2PpP1p1/PP6/4KPBP/6NR w - - 0 31,278
rnbqkb1r/ppp1pppp/8/3P4/4n3/N7/PP1PPPPP/R1BQKBNR w KQkq - 1 4,411
1r2kn2/5p2/pn6/2p5/2P5/N2B2p1/8/3K4 w - - 2 36,-712
5k1r/7p/4BBp1/1p4P1/8/P5N1/1NP1P2P/3K3R b - - 3 37,-927
rn4nr/pp1k1p2/3p3p/P4b2/2P5/8/R2NPPPP/4KB1R w - - 2 18,-346
1r3b2/pp2pkp1/5r2/2P5/2P5/P1N2N1R/1B1P1P2/R3K3 w Q - 1 22,806
r1bq1kr1/3pp2p/p7/5P1B/5Q2/2N1P3/PPPP1K1P/1RB3NR w - - 5 17,971
r1bq1b1r/3np3/p6p/2k2p2/R1P5/2PP2pK/1P1RB3/1NB3N1 b - - 0 19,402
rnbqkbnr/2pp1ppp/pp6/4p3/P7/5PPN/RPPPP1BP/1NBQK2R b Kkq - 1 6,101
4k1nr/3r3p/2p3p1/2b5/6PP/1R3P2/4N1B1/2K3R1 w - - 3 24,18
rn1qk2r/pp1bp2p/2p2ppn/8/1P6/B1PP2P1/P2NPP1P/R2QK1NR w KQkq - 1 9,207
r1bqkb1r/2ppppp1/6pn/1P6/8/2N4P/1PPPPPP1/2BQKBNR b Kkq - 0 7,31
rnbqk1nr/pp1p4/4p1pp/6p1/P2Q4/1P3P2/2P1P1PP/R1B1KBNR b kq - 0 11,-218
r1b3n1/1ppp1p2/p1k5/6B1/1P1P4/N1P3NR/R1K2p2/5B2 b - - 3 21,-797
rnbqkbnr/1ppppppp/8/1p6/8/8/P1PPPPPP/RNBQKBNR w KQkq - 0 3,-169
2b5/5kBp/1b2p3/3p1p2/R4P2/8/1NnP2P1/1N3K2 w - - 8 27,299
8/6p1/4Bp1p/5P2/2P4k/4P3/1P1b4/6K1 w - - 1 41,63
1n3kn1/1p6/2ppp1pb/5p2/3P3q/1PP1PK1P/3R1P1P/1NB1R3 w - - 2 23,-479
rnbqkbnr/ppp1ppp1/7p/8/2pP1P2/8/PP2P1PP/RNBQKBNR w KQkq - 0 4,63
1r3nn1/p1p2p2/Pp4pr/8/2P5/1P6/5K2/7k w - - 1 34,-818
4k3/6P1/5P2/1P6/5P2/7B/5P2/1K5R w - - 1 39,5000
4k2r/1p2bppp/n1pp3n/p7/4p1b1/NPP1P1P1/P1KP1P1P/1RB3NR b k - 1 14,67
rnbqkb1r/p1pppppp/1p5n/8/8/2P2N2/PP1PPPPP/RNBQKB1R w KQkq - 0 3,106
n2k4/8/5n2/p7/2PKp3/P3P1P1/4R3/5BN1 b - - 1 30,-580
2rk4/3n4/1p2p1Bp/8/2Pb1PP1/7P/3K4/RN4NR w - - 0 29,662
rnbqkb1r/1ppppppp/p4n2/8/P7/1P6/2PPPPPP/RNBQKBNR w KQkq - 1 3,-38
r1bqkb1r/ppp2ppp/3pp3/5n2/1P1P4/N7/PB2PPPP/R2QKBNR w KQkq - 0 7,464
rk6/1N6/2P2p2/p2P4/3P4/5P2/Pn1KP3/R5N1 b - - 1 37,-492
5k2/8/4b1n1/3p1p2/5p2/8/4B2P/1rNNK2R w K - 3 36,104
2bk2nr/2pp3p/5p1b/4R3/2P1P3/8/4P2P/4KB2 w - - 1 30,-591
r5k1/p2n4/1p5p/5p2/7B/2N1KPPN/P3P2P/R4B1R w - - 0 25,933
r4k2/p6Q/3pB1p1/1pp5/8/1PP2p2/2K2n2/RNB5 b - - 1 39,-5000
r1bqk1n1/p1pp4/1p3p2/n3pp1r/1b6/1P1PP3/P1PN2PP/R1B1KBNR w KQq - 3 11,-661
1nb3nr/r2kb3/6p1/p1p5/5P2/P2PP3/2PK3P/RN1Q3R w - - 0 19,418
1nbqk2r/r1p2ppp/p2p1p2/1p6/5P2/P2P4/P1P1P1PP/R2QKBNR w KQk - 0 8,-168
8/7k/8/4p3/P3p2K/1R2P3/4N1P1/2B5 b - - 0 40,-705
5bn1/4p3/p6p/2kp2r1/8/1PP2K2/PR6/8 w - - 0 34,-658
rnbqk1nr/ppppbppp/8/4P3/3P4/8/PPP1P1PP/RNBQKBNR b KQkq - 0 3,-87
rnb2kn1/pN1p4/2p3p1/6r1/3PK3/5P2/PPP1PP2/R4B2 w - - 5 21,-492
rnbqkbnr/1pppppp1/8/p7/P6p/1PP2P2/3PP1PP/RNBQKBNR b KQkq - 0 4,136
r1b2bnr/2pnpkpp/1p6/p2p1p2/P7/4P2P/1PPP1KPR/1RBQ1BN1 w - - 0 11,612
rnb1kb1q/1p1ppn1r/p5p1/7p/1P6/P2P1PPP/2PNN2R/R1Q1KB2 w Qq - 5 17,-444
r1b3k1/1p2Q1pp/8/p1pPn3/P7/1PP5/3BP2P/RN1K1B1n b - - 0 23,-513
r4k2/1ppb4/2p1p1Q1/p7/2P1B3/4B3/PP4PP/R4K1R b - - 4 25,-967
2bqk2r/3pp1b1/p5p1/8/3PPP2/Np6/4K2P/7R w k - 1 24,-831
r2qkbnr/1pp2pp1/2npb3/p6P/2P5/7N/PP1PP2P/RNBQKB1R w KQkq - 0 8,-252
r4N2/1p6/n2k4/2pPR3/p7/4P2P/1b6/4K3 w - - 1 30,-596
rn1qkb1r/ppp1pppp/3p4/5b1P/4n3/5N1R/PPPPPPP1/RNBQKB2 w Qkq - 5 5,25
rnbqkb1r/pppp1ppp/4pn2/8/2P5/3P1P2/PP2P1PP/RNBQKBNR b KQkq - 0 3,138
rr6/2p3b1/p2p2k1/5pP1/5P2/7K/8/8 w - - 2 41,-714
7k/8/p7/5p1p/P1P4P/2b2PPR/R7/5K2 b - - 2 39,-715
rnbqk2r/1pppnppp/p3p3/8/3P4/4P3/PPP2PPP/RNB1KBNR b KQkq - 0 6,586
rnbk1bnr/1pqp1ppp/p3p3/2p3N1/7P/P7/1PPPPPP1/RNBQKB1R b K - 3 6,124
rnbqkb1r/pppp1ppp/5n2/4p3/8/3P2P1/PPP1PP1P/RNBQKBNR w KQkq - 0 3,-5
1rbnkb1r/3n2pp/1p6/2p2P1P/p1P5/P5KB/1P2PP1B/RN4NR b k - 1 17,-173
5b1r/1p1kp2p/5p1n/1p6/4P3/1pP4P/4KP1N/2B5 b - - 0 22,668
rnb2q1r/1p1p1kpp/2p2p2/p7/2Pp2P1/6K1/1B2P2R/R4BN1 b - - 1 18,825
8/4k1b1/5p2/3p4/P7/1P6/4K3/1RB5 b - - 1 39,-549
4k3/7p/4p3/1Pn4p/8/4PP2/6r1/2BK4 b - - 7 37,701
8/1bk5/n4b2/3p4/R7/1K5P/3P4/2B5 b - - 1 40,332
5n1r/7p/5p1k/8/2p5/P4PP1/1P4KP/1R1N2R1 b - - 2 31,-665
1nb5/1p1pkp2/7p/1Np1P3/6PP/8/N7/1R1K1B1R b - - 0 22,-733
rn1q1b2/2pkp1p1/1p1p4/1P6/3Pp3/N3B2r/2P2P1N/R1K1R3 w - - 0 26,-514
rn5r/p1p1n3/8/4pbp1/p1P5/3kP1P1/1P1N1P1P/2B1KR2 w - - 2 22,-525
r1bqkb1r/pppppppp/n7/8/P3n3/8/1PPPPPPP/R1BQKBNR w KQkq - 0 4,-561
rnbqkb1r/1ppppppp/p4n2/8/2N5/7P/PPPPPPP1/R1BQKBNR b KQkq - 1 3,83
8/8/5B1p/1R3p2/8/2P4p/2k2P2/5KNR b - - 1 38,-857
8/1k1p1p2/b2r2p1/p7/P1P5/3P4/1P1K2P1/R2QNBR1 w - - 2 34,822
8/pp1n1r2/8/1Pp1p1kr/4P3/N1PBP2p/P1P5/R1B1K3 w - - 10 35,-411
8/2k4p/1rB4n/2p1P3/3p4/p4P1P/3PK3/2b3N1 w - - 4 33,-590
5bnr/1p1k4/3p1p2/7p/Pn1p4/7P/R1P1PK2/2B2BNR w - - 2 20,629
1rbq1bnr/ppp1pkpp/n7/3p1p2/7N/PP4PP/2PPPP2/RNBQKB1R b KQ - 2 6,9
1nbk4/3p4/6n1/2p1p3/p1P5/N4PNP/8/2R1K3 w - - 0 40,222
rnb1kb1r/pp2p1pp/8/1p1p4/3P2n1/5P2/PPP1P1B1/1RBQ1K2 b kq - 3 13,189
rnbqkbr1/pppppppp/7n/8/4P3/8/PPPPNPPP/RNBQKB1R w KQq - 3 3,179
1nb5/5k2/1ppp4/5p2/8/4K1P1/N7/R7 w - - 0 35,36
4qbbr/4p2p/2np1kpn/2r5/8/5PPP/P1P5/R3K1NR w - - 2 20,-1087
5bkr/4p1p1/7p/2p5/2P5/P1NPPbn1/1P6/1RB1K3 w - - 2 30,102
4r3/4kp2/n1p5/3p2p1/P7/1NP1K1b1/P7/R5R1 b - - 5 29,66
r2k4/5Qpp/p1n5/5P2/P7/2P3P1/1PKN4/7R b - - 0 35,-876
rnbqkbr1/pppppp2/5np1/7p/5P1P/P1P4N/1P1PP1P1/RNBQKB1R b KQq - 0 5,78
rnb1kb1r/p2ppppn/1p5p/1p6/8/N2P4/PRP1PNPR/3QKB2 b kq - 1 13,-430
r1b1kbnr/p1pnpp1p/2Pp2p1/8/PP6/2NP4/4PPPP/R1BQKBNR b KQkq - 0 7,-718
2rqkbnr/2ppp2p/1p6/p4pp1/P7/2N1PP2/1PPP2PP/R1BQK1NR b KQk - 0 7,-583
rnq4r/2pk1pP1/p6p/6p1/1P2p3/N1P3PP/P2KNP1R/R1B5 b - - 0 16,362
r1bq1bnr/1ppppkpp/2n2p2/p7/6P1/P2PPP1N/RPP4P/1NBQKB1R b K - 0 7,102
rnbqkbnr/1p1pp2p/p1p2pp1/8/8/N1P2P1N/PP1PP1PP/R1BQKB1R w KQkq - 0 5,92
rnb1kbnr/1ppqpppp/p2p4/8/5P2/8/PPPPP1PP/RNBQKBNR w kq - 0 4,62
2n3Q1/2k2p2/3p4/1P5p/7P/3PPR2/2P1P3/5BK1 b - - 9 32,-882
rnbqkbnr/1p1ppppp/p1p5/8/8/3P3P/PPP1PPP1/RNBQKBNR w KQkq - 0 3,51
r7/3b1p2/5k2/1pp5/p4N1P/2P5/PP2PKP1/RN3B2 w - - 0 22,702
2kr4/p3np1r/p1p3p1/R2p3p/3P3P/2P1Pb2/1P5R/1NQ1K3 b - - 1 19,-416
rnbqkbnr/p1ppp1pp/5p2/8/8/N7/PPPPPPPP/R1BQKBNR b KQkq - 1 3,-94
rnb1kbnr/pp1pp1pp/1qp5/5p2/2P5/NP6/P2PPPPP/R1BQKBNR w KQkq - 0 4,43
rnbq1knr/pp1p3p/2p2p2/4p3/1P6/8/P1PPPPPP/RN1QKBNR w KQ - 0 6,155
r1b2k2/pp1p4/n3p3/7P/4P3/N3KP1P/3P2B1/5RNR b - - 0 27,-757
r1bqkbnr/ppp1p1p1/2np1p2/8/P4P1p/1P1P3P/2P1P1P1/RNBQKBNR w KQkq - 0 6,43
r1bqkbnr/p1pppp2/8/p5Pp/8/7N/1PPPP1PP/1NBQKB1R w Kkq - 0 7,-15
rnbqkb1r/ppp1pppp/7n/3p4/P7/5N2/1PPPPPPP/RNBQKB1R w KQkq - 2 3,55
q1b4r/4k3/8/1p6/1P4P1/8/4N2P/4KB1R w - - 1 33,-565
r1bqk2r/ppppb1pp/n4n2/1B3p2/7P/P7/1PPPQPP1/RNB1K1NR b KQkq - 0 7,43
rnbqkbnr/1pppppp1/p6p/8/8/N6N/PPPPPPPP/R1BQKBR1 b Qkq - 1 3,222
1n2k3/rpp2p2/8/1P2P3/p1r5/P3P3/5PP1/RN2KB2 b Q - 0 20,398
r1bqkbnr/1ppp3p/n3p1p1/8/1P4p1/2N1P3/P1PP1PPP/R1B2KNR w kq - 0 7,-781
8/1Bnpk3/5r2/5P1P/rb6/8/2K5/8 w - - 0 39,-697
rnbq2nr/p2pkp1p/1p6/2p3P1/2P3P1/3P3P/Pb1BP3/RN1QKB1R w KQ - 1 10,41
2b2b1r/1p4pp/3k4/1B6/4P1n1/3p1K1P/6P1/2R5 b - - 1 34,627
4k3/5r2/8/5p2/2P1b3/8/4K1R1/2b5 w - - 0 41,-441
rnbqk3/1ppp1pR1/p3p3/8/PP6/3P4/2P1PP2/RNQ1KnN1 b Qq - 0 12,-406
rnb2bnr/p3p1kp/2p2pp1/P3p3/4P3/2N2PP1/PBP4P/R3K2R w - - 1 18,-496
2b5/3krp2/n3p2p/5p2/1P6/P1PPKPPN/8/2R2B2 w - - 2 30,573
6r1/4n1pn/p1p3p1/4k3/p5P1/5P2/1P1K4/1RB2R2 b - - 0 32,-190
5k2/3b4/5B2/4K2Q/p2N1P1P/2P5/PP2N1P1/R4B1R w - - 1 36,5000
rn3r2/p7/1pp3p1/3k1pP1/P4p2/4R3/1PP1PP2/R3KB2 w Q - 2 28,486
5n2/6p1/1ppk4/7p/2p1KP1P/2b5/5P2/8 b - - 1 36,847
1n1k4/8/p2P2n1/7p/P1PK2p1/5r2/4P2P/6NR b - - 2 34,485
5k1r/6p1/2n5/8/6pP/P5P1/1K3P2/1N5R w - - 1 38,370
5b2/3b2p1/p1pp2kn/P7/P7/2N1Pnp1/1RK5/8 b - - 1 28,779
1q6/pNr1n3/5p2/3k4/P7/6P1/5P2/3K4 w - - 3 40,-850
1n1qkbnr/rpp1p2p/p4pp1/3p4/PP6/5K1N/2QPP2P/RNB2B1R b k - 0 9,69
2rq1b1r/p1n1p2p/1p2k2p/5p2/3P4/P7/2P1PP1P/RN1K1QNR w - - 2 15,108
rn6/4pnk1/P1p5/1pP5/8/4K3/2b1P1PP/5BR1 w - - 8 32,-578
1n5B/1p2pk2/6pb/8/4P3/p4PPb/5K2/1R6 b - - 8 34,283
1r2k2r/3pbppp/2p5/B4P2/3Q4/3P1PK1/2P3PP/6NR b k - 0 21,-525
1nb5/rp3p1p/6p1/p1pp3k/P5n1/2P2N1P/8/K4B1R b - - 1 26,686
1r6/2p5/1p5k/p3p3/P3P1p1/1PP1P3/5P2/1K5B w - - 3 34,-416
r3r3/p4p1p/1p5k/3R4/6P1/P7/PKP4P/6R1 w - - 0 34,94
2b3n1/rppp1kq1/n7/p1PPpp2/1b5r/4P2P/PP2KPP1/RNB2B1R w - - 1 13,-725
R7/2pk1p2/5R2/3p2N1/3P4/3b1P2/3K4/2BN4 b - - 7 35,-813
r1bqkbnr/pp1p1ppp/2n5/2p1p3/2P5/1P3PP1/P2PP2P/RNBQKBNR w KQkq - 1 5,-28
rn2k1nr/8/1pp4p/p3PP1b/2P5/P2K4/5P2/1R4NR b - - 1 23,498
2k5/p1n5/1p6/7p/8/PPP5/1K1R4/R7 b - - 0 31,-664
rnbqk2r/pp2bp1p/2p1p3/3p2p1/3P4/1N1PPP2/PP1K2PP/R1BQ1BNR w kq - 1 9,450
rnbqkbnr/pp2pppp/3p4/2p5/5P2/N1P5/PP1PP1PP/R1BQKBNR b KQkq - 0 3,20
rnbqkbnr/pp1pp2p/2p3p1/5p2/8/1P6/P1PPPPPP/RNBQKBNR w KQkq - 0 4,2
5r2/2p1bk1p/2P5/4pPpp/6n1/1P3KP1/1r6/8 w - - 0 36,-899
2bk3r/1ppp2pp/7n/2nNp3/7P/R3P2N/2PK4/2B2Q1R b - - 3 19,-598
rnbq1bnr/p1ppp1p1/1p3k1p/8/8/1PP4P/P2PPPP1/RNB1KBNR w KQ - 1 6,-571
7r/7B/7k/p7/7p/1P2K3/PP6/RN5r w - - 3 40,-261
rnbqkb2/pppp1ppr/4p3/7p/2P4P/3P4/PP1P1PP1/RNB1KBNR w KQq - 0 9,-600
r2k4/8/p1p1p2b/4p1p1/N3p3/6R1/PPPP4/R1BK4 b - - 1 30,-504
2k2b1r/4p3/5ppn/3P4/R6P/2P3P1/5PR1/1K6 b - - 0 31,-96
rnbqkbnr/1pppppp1/7p/p7/7P/P7/1PPPPPP1/RNBQKBNR w KQkq - 0 3,58
3r1k2/1p2p3/2p4N/2N5/p4B2/2P5/8/5K2 b - - 0 37,84
1n2k3/5pB1/1P2p3/1p6/4P2P/NP4P1/5PB1/R3KRN1 b Q - 0 26,-1039
5bnr/p2k1pp1/1p6/7p/4Pp1N/3P3P/PP1P1KP1/R1B2R2 b - - 0 18,-591
2b2kn1/1ppp4/n6P/p6B/2P1P2r/P7/4K3/1N2R3 w - - 1 28,-21
rnbqkbnr/pppppp2/6pp/8/1P6/5N2/P1PPPPPP/RNBQKB1R w KQkq - 0 3,54
rnbqkbnr/1ppppp1p/8/p5p1/6P1/4P3/PPPP1P1P/RNBQKBNR b KQkq - 0 3,72
4k1n1/1p5r/7p/5p2/1bQ5/4P2N/5KP1/2B3N1 b - - 0 30,-690
rn1qkbnr/1pp2pp1/3p3p/p3p3/6b1/P7/NPPPPP1P/R1BQKBNR w KQkq - 0 6,-227
rnbqkb1r/pppp1ppp/8/4p3/P7/3PP3/1PPB2PN/RN1QKB1R w KQkq - 0 7,347
rnb1kbnr/pppqp1pp/3p4/3P1p2/8/4P3/PPPN1PPP/R1BQKBNR b KQkq - 2 4,14
5r2/4k3/n2p4/6p1/P1P5/1p2P3/1P4K1/1R2NB2 w - - 0 38,458
3r2n1/1p5N/1k1P2p1/p1p5/P1P2B2/1PP2N2/8/3K4 w - - 7 38,473
r1bq1knr/pppp1ppp/4p3/8/2Pn4/P7/1P1PPPPP/RNBK1BNR w - - 0 7,-647
r1bqkb1r/ppppppp1/2n2n2/7p/2P5/5P2/PP1PP1PP/RNBQKBNR w KQkq - 1 4,-116
r2k1br1/2p1ppp1/2p5/p6b/7P/4K3/6P1/RNB3NR b - - 1 20,49
2b2b1r/3p1k1p/4p3/1pP5/4NPP1/6R1/1K2n3/4q3 w - - 0 26,-743
1k2n3/8/6P1/3p1P2/1p1P1b2/1Pp5/8/6K1 b - - 2 38,656
2bqkb1N/1pppp1p1/r1n5/p7/6P1/P1P5/3PPP1P/BN2KB1R b K - 0 15,465
1r6/1k5p/6p1/p2p2pn/P7/1P6/R1K5/8 w - - 0 38,-652
8/8/8/8/2n2P2/k1P3K1/3P3P/8 w - - 0 38,424
5n2/p2rp3/b2p4/1p6/5pk1/3K4/P1P5/8 w - - 0 40,-808
r7/3kq3/2p5/p2p1p1K/P2P1P2/2P5/2RN4/6Nb b - - 0 30,5000
8/pk2r3/2pK4/7P/P1P2P1p/2P5/8/2B2B2 b - - 2 35,-146
rnb1k3/3p3R/p7/4bPP1/8/Q7/P7/3K4 b - - 4 30,-485
1nb4r/3r3k/p7/3pPpp1/1P3p2/P1P2P2/K4P1P/6NR b - - 0 28,679
5bnr/rp1kp2p/2np4/5P2/1p5P/8/2P1KP2/2B3NR w - - 0 19,-686
rnbqkbr1/p2ppppp/1p6/5P2/P2n4/NP4P1/3PP2P/R1BQKBNR w KQq - 1 13,157
rnbqkb1r/p1ppnppp/1p2p3/8/P1P5/8/1P1PPPPP/RNBQKBNR w KQkq - 0 4,-14
rnbqkbnr/ppppp2p/6p1/5p2/1P6/P7/2PPPPPP/RNBQKBNR w KQkq - 0 3,41
rnb5/pp1p2B1/4k1pn/P6p/4p3/N5KP/2PPP1P1/2Q2B1R b - - 2 19,-875
nrb5/pp2k3/2p5/4p1P1/2P1K2P/P2Pp3/4R3/RN3B2 b - - 0 36,-416
k7/8/1p1p4/p6p/P2p1p2/5P2/2K5/8 b - - 1 40,579
2bqkbnr/r2npp1p/1ppp4/6p1/p2PP3/P2BQ3/RPP2PPP/1NBK2NR b k - 3 9,54
3qk1nr/p4pp1/p2p3p/2p5/P3P1b1/2BP4/2P2P1P/1R2K1NR b K - 0 14,427
rn1qk1nr/p2pp1b1/1pp3pp/8/5PP1/PPP4P/3P1P2/RNBQ1KNR w kq - 1 12,244
1rbqkbnr/pppnpppp/3p4/5P2/5B2/2NP4/PPP1P1PP/R2QKBNR b KQk - 6 6,53
rn1qkbnr/p1p1p2p/1p1p4/7p/P3p3/NP5P/R1PPKP2/2B2BNR w kq - 0 11,-689
rnbqkbn1/pppp4/4p1p1/8/2B3P1/2N1P3/PPPP1P1R/R1B1K1N1 b Q - 3 7,273
rnb1kb1r/pp1pp1pp/5p2/1p6/5K2/5P2/P2N2BP/R1B2QNR b kq - 0 12,-427
2b3r1/pp1p1kp1/5p2/1PP5/4PB2/5P1P/P3Q3/RN2KBN1 w Q - 1 23,1147
rnbqkbnr/p1pppp1p/1p4p1/8/8/P7/1PPPPPPP/RNBQKBNR b Kkq - 1 3,75
2bk4/p2pp1bp/7n/8/2P2P2/P4BPp/2PP1K2/2RQ4 w - - 1 24,568
rnbqkb1r/pppppppp/8/7n/3P4/2P5/PP2PPPP/RNBQKBNR w KQkq - 1 3,203
2r2b2/p1pnk3/7n/5p1p/1p5P/1P2K3/P2P1P1R/RNBQ4 b - - 3 26,-587
8/rb2k1Pr/6p1/Pp1P4/N6P/1P6/R2KPbPR/5B2 w - - 2 38,635
r1bqkbnr/p1ppp2p/1p6/5pP1/P7/1P1P1P2/1P1BP1P1/RN1QKBNR b KQkq - 0 7,-517
rn1qkbnr/3bp1pp/ppp5/8/1P1pP2P/8/P1PPPKP1/R1B1QBNR w kq - 0 9,-314
rn6/8/1k1p2Bp/1b4p1/1p1p4/bP6/1R3P1K/8 w - - 2 38,-776
rnbqkb1r/p2ppppp/2p5/1p6/3P4/5NP1/PPP1P1P1/RNBQKBR1 b Qkq - 0 6,-333
rnbqkbr1/p1pppppp/1p6/8/P3N3/3P4/1PPKPPPP/R1BQ1BNR b q - 0 5,-481
rn1k2r1/p7/3p2p1/5p1p/P1K2P2/4P1N1/1P1P3P/R1B4R b - - 1 25,-366
rn3r2/1bpk1p1p/p6P/2P5/1P6/p2P4/5K2/1RB5 b - - 0 29,691
4k3/2r5/p3p2p/7P/6p1/P5P1/4K3/8 b - - 0 38,744
rnbqkbnr/2ppp1pp/1p6/p4p2/7P/5NP1/PPPPPP2/RNBQKB1R w KQkq - 0 4,53
8/8/4kP1p/P7/3p2P1/3P2R1/6K1/2r5 w - - 2 41,235
r7/p1p1p1k1/4p3/2n4p/1P2bp1P/8/P7/2b3K1 b - - 3 35,989
rn6/4n1r1/4k1Pp/pp1pP3/8/8/2PKN1P1/2BR4 w - - 1 36,-247
1rb1kbnr/5pp1/1pp1p2p/8/8/P3PN2/1PPN1PPP/R1BK3R w k - 0 12,193
rnbqkbnr/1pp1p1pp/8/p2p1p2/3P4/5NP1/PPPKPP1P/RNBQ1B1R b kq - 1 6,40
rnbq1bnr/pppppkpp/8/7P/5P2/7p/PPPPP3/RNBQK1NR b KQ - 0 5,473
1n2kb1r/r2bpppP/7n/p7/2q5/2N5/PP1PPP1P/R1B1K1NR w KQk - 0 13,-610
8/2p2p1r/5b1p/8/2k5/8/N2K2P1/R7 w - - 0 30,-160
3r2n1/p5p1/6k1/1bPp4/6P1/4P3/1P1PNb1K/1RB5 w - - 0 30,-250
2k5/1p6/4p3/2p1b2p/2P4P/4K2N/4P3/8 b - - 0 33,78
rnb1kb1r/ppp1p1pp/5n2/3p4/1P4q1/5N2/P1PPPP1P/RN1QKB1R w KQkq - 0 6,-532
rnbqkb1r/pp2pppp/2pp3n/8/6PP/2N5/PPPPPP2/R1BQKBNR w KQkq - 0 4,107
rnbqkbnr/pp1p1pp1/8/2p1p1p1/P7/4P3/1PPP1PPP/RNBQKB1R w KQkq - 0 5,-546
r4bnr/pp1k1n1p/4p1p1/2pp1p2/8/P1PP1P1N/1P2PKPP/RN3B1R w - - 1 13,-78
1n2k3/8/1p5p/6N1/2PP2P1/8/6K1/r7 w - - 0 41,-461
r5k1/8/6p1/3NKp2/1P6/8/3P4/4n3 b - - 13 36,520
4r1nr/2k5/3pb2p/p6P/2P5/2P5/4P1B1/4K1N1 w - - 0 36,-714
rnb1kbnr/pp1ppppp/8/B7/3p4/8/PPPKPPPP/RN1Q1BNR b kq - 1 4,-556
r3kr2/p1p4p/n7/3Pp1p1/8/NPP3K1/PB1P1n2/R5N1 w - - 0 23,-281
5r2/p2b1p1r/np2p3/2p3p1/4k2p/P6P/3P3R/4N1KR b - - 1 32,739
r5q1/2p4p/2p5/5n2/P5pP/k2b4/6P1/4K1NR w - - 1 35,-881
rnbqkbnr/1p1ppppp/p7/2p5/7P/N4P2/PPPPP1P1/R1BQKBNR b KQkq - 1 3,154
rnbqkbnr/p2ppppp/1p6/2p5/5P2/4P3/PPPPQ1PP/RNB1KBNR b KQkq - 1 3,57
5bn1/p2kpp1r/6p1/7p/8/3PPPPN/P2P3P/3K3R b - - 1 22,249
2b5/3k4/8/B1p1r3/5n1P/p2P4/3R1KP1/8 w - - 0 35,-368
1r4r1/5Bp1/4p3/p7/5P1b/k3P3/4K3/8 b - - 1 36,791
rnbqk1nr/pppp2pp/8/4pp2/Pb6/7N/2PPPPPP/RNBQKBR1 w Qkq - 0 5,-166
rnbqkbnr/1pppppp1/p7/7p/1P3P2/6P1/P1PPP2P/RNBQKBNR b KQkq - 0 3,162
rnb2b1r/1p2kqpp/8/p1p1p3/P3P3/3P4/1PP2P1P/R1BQK1NR w KQ - 0 14,-481
rnbqkbnr/1pppp1pp/8/p4p2/2P5/4P3/PP1P1PPP/RNBQKBNR b KQkq - 0 3,-23
rnbqkbnr/pp2pppp/2pp4/8/4P3/5K2/PPPP1PPP/RNBQ1BNR b kq - 1 3,211
5b1r/r1p1kp1p/n7/4p3/1p4Bp/1P1P4/P2N1PP1/R3K3 b Q - 2 24,576
rnbqk1nr/pppp1ppp/8/4p3/4P3/N1QP1P2/P5PP/2B1KBNR b Kkq - 0 7,372
2bn2r1/p2p3k/8/8/BP6/6pp/1QPK4/1RB5 b - - 1 36,-43
rn5r/5pb1/3k1npp/p7/2P5/P3P3/1q3P1P/RN2K1NR w - - 0 20,-882
r4b2/p3k2r/6p1/3pB2p/bP5P/5NP1/P2K4/7R b - - 1 34,481
6nr/8/2n1N1kp/6p1/8/5P2/4P2p/2K1bB1R b - - 1 32,460
3k4/6q1/8/2pPb3/7R/r1P5/N7/7K w - - 0 41,-803
1nb1kbnr/rp1ppppp/p7/q7/1p4PP/7N/P1PPPP2/RNBQKB1R w KQk - 1 6,-80
rnbqkbnr/ppp1pp1p/3p2p1/8/1P6/2P5/P2PPPPP/RNBQKBNR w KQkq - 0 3,-55
4k3/1p5R/5p2/p2K1n2/4P3/P2B4/1PP3P1/3R4 b - - 1 37,-803
4k1K1/8/3p1p2/8/5p2/3P4/R7/4B2B b - - 0 39,-598
8/8/3k3n/2p5/2p3p1/4K1N1/P7/8 w - - 0 41,-157
7r/4k3/2n3p1/2p1p3/r6P/PbP2P1R/4K3/8 w - - 2 33,-856
rnbqk1nr/pppppp1p/7b/P5p1/8/8/1PPPPPPP/RNBQKBNR b KQkq - 0 3,-95
4k2r/3n4/5p1b/7p/2B5/2P1P3/1BP2P2/1RQK4 w k - 1 30,754
r1k2bnr/p5pp/n1pP4/4p3/Pp6/3K2PN/1P5P/R1B2BR1 w - - 1 20,123
8/R7/8/5B1k/P4p2/NP6/2N3PP/3K3R w - - 3 36,981
r3k2r/1p1b1p2/2n4p/4p3/p6B/B1N2P2/2PPP2P/R2QK1NR b KQq - 0 15,-793
rn1qk2r/1pp1ppbp/2b5/p2p4/8/P2P4/RPPKPPPP/1N1Q1BNR w kq - 0 7,-77
rnbqkbnr/p1p1p1pp/3p1p2/1p6/8/7P/PPPPPPP1/RNBQKBNR w KQkq - 0 4,122
rnbk1bnr/3p1pp1/8/pP2p2p/1q5N/2N5/PP1PPPPP/R1B1KB1R w KQ - 0 10,-545
2b1k1nr/5p2/4pp2/1p5p/5K2/BP1p4/5PPP/1R4NR w - - 0 27,386
1n6/rbp1k3/p6b/3Pp1p1/8/PN2P1P1/6K1/R1B3N1 w - - 0 31,177
rn3r2/3n2p1/2p5/p1k1pP2/P5P1/7p/P1K1B3/4R3 w - - 2 31,-685
4k1r1/3p4/1P4Pn/8/8/b5P1/8/1K6 w - - 1 36,-539
rnbqkbnr/pp2ppp1/3p4/2p4P/8/3P4/PPP1PP1P/RNBQKBNR w KQkq - 0 4,-33
1nb5/3p4/p1p1p2k/4P3/4p2p/1PP4P/6P1/1NK5 b - - 3 29,512
rn1qkbn1/pppbpppr/3p4/7p/5P2/1PN4N/P1PPP1PP/R1BQKBR1 w Qq - 6 6,110
1nk5/8/3P4/r4p2/B2ppP1p/8/3PKP1P/R1B4R w - - 0 38,694
8/2n2k1p/2p2p2/r7/4PPPP/P5N1/R4K2/8 w - - 2 38,395
2bk1b2/2p1p3/8/pp1p3B/8/3PB1P1/PPPK1P2/RN1Q1R2 b - - 1 20,-1019
3Q4/8/2k4p/2p5/p1P4R/P7/8/4K1b1 b - - 1 40,-728
rnbqkbnr/pppppp1p/8/8/6Q1/4P1P1/PPPP1P1P/RNB1KBNR b KQkq - 0 3,-104
rn4n1/4kb1r/p1p5/PN6/1b3P1P/4K3/8/8 w - - 0 40,-927
4rk1r/5n1p/4p3/n1P2p2/1Np5/7P/1P2K1PR/6N1 b - - 1 28,683
r1b1k1nr/p2p1p1p/8/1p4p1/3Q4/1P5P/R1P1PPPN/4KB1R b Kkq - 0 13,-800
r3r3/7k/b5pp/p1p2p2/P1p1p2P/4P1P1/R1PP2K1/6R1 w - - 5 29,-476
rn1qkb1r/pbpppp1p/1p4p1/7n/8/2NP1P2/PPPBP2P/R2QKBNR w KQkq - 3 8,-245
8/5k2/3P4/1P4p1/1P4p1/2K3P1/N7/8 w - - 3 41,639
rnbqkbr1/pp1ppppp/5n2/2P5/7P/3P4/P1P1PPP1/RNBQKBNR b KQq - 0 4,-46
1n1k4/1B2pp2/7n/1PP4p/3P1r2/8/3KPq1P/1N5R w - - 2 27,-622
5k2/p7/3p4/3P4/N3B3/1p4P1/1P5P/5K2 b - - 0 40,-681
2b3nr/3p4/1k2p3/5ppp/8/P1p1P1PP/2P1K3/7R b - - 9 34,639
1nb5/3k1r2/2p5/2b4n/2P3P1/p7/8/1K6 b - - 0 33,893
rnbqkb1r/1ppppp1p/p5pn/8/8/N7/PPPPPPPP/R1BQKBNR w Kkq - 0 4,-26
2bqkbnr/2r1pppp/3p4/p7/1n6/4P2P/P1PP1PPR/R1BQKBN1 w Qk - 0 8,-389
2b1kbnr/p1pq1ppp/1r6/2n1p3/6P1/P1P1P2P/1P1P1P2/RNBQK1NR w KQk - 0 8,-672
rnbqkbnr/pp2pppp/8/2pp4/6P1/7P/PPPPPP2/RNBQKBNR w KQkq - 0 3,-98
4k1n1/rp6/1qnb4/p2p1b2/P2P2p1/2P1K3/1P1B1PPP/1R4QR w - - 7 28,-520
r1k2bn1/p3pppr/8/8/B3P3/2P1Pn2/PP4b1/RNK5 w - - 0 22,-692
rnbqkbnr/1ppp2pp/4pp2/p7/P7/3PP3/1PP1BPPP/RNBQK1NR b KQkq - 1 4,0
rn6/p1k2p2/2p2b2/3p3p/7P/7B/4NP2/1K4R1 w - - 5 41,-230
rnbb2r1/ppp2kpR/3pp3/8/2N5/5P2/PPPPPK2/1RBQ2N1 b - - 4 14,-590
2bk2nr/rp1n1ppp/8/p3P1q1/8/P1P5/4PPPP/RN2KBNR w KQ - 0 13,-798
rnbqkbnr/ppp3pp/3pp3/8/4p3/PQP4N/1P1PKPPP/RNB2B1R b kq - 1 7,245
rn1kn3/1ppqp3/p2p3p/8/6p1/P2PP3/BPP3PP/RNB1KR2 b Q - 1 16,244
rnbq1bnr/p1p2k1p/3pp3/1p6/6P1/P7/1PPPPP1P/RNBQKB1R w KQ - 0 6,-88
r1bqkb1r/p1ppppp1/n6n/1p5p/8/3P4/PPPKPPPP/RNBQ1BNR w kq - 0 5,-30
rnbqkb1r/ppp1pppp/7n/3p4/7P/1P6/P1PPPPP1/RNBQKBNR w KQkq - 0 3,3
r7/p7/3pk3/6p1/6n1/3P4/5p2/RN3K2 b - - 0 39,730
r7/4k3/p7/7n/1P5P/P2P2bb/1R2P3/3K1R2 w - - 1 38,-263
1n2kb1r/1q1b3p/1pp1pppn/r7/2PPPP2/P4N2/6PP/RNBQK2R w KQk - 2 12,-334
rnbqkb1r/pppppp1p/6pn/8/3PP3/6P1/PPP2P1P/RNBQKBNR b KQkq - 0 3,-82
2rk4/3b4/p2Q4/P1pBp2P/7p/1P2PK2/2P5/1R4R1 b - - 2 34,-5000
6rq/2p1k2p/2np1R2/p1p5/P7/1PK5/4P2P/2B5 w - - 1 31,-787
rnbq1bnr/1pppk1pp/p3p3/5p2/7P/4P1P1/PPPP1P2/RNBQKBNR b KQ - 3 5,-52
1n1N1knr/r3p2p/3p4/ppp3P1/8/P1P1P1P1/1P1P1P2/RNBK1BR1 b - - 2 16,-774
5b1r/3rkp2/3p3p/8/4P3/N7/PP1P1KnP/R1BB4 b - - 3 29,0
r1bqk1nr/p1pp1p1p/np2p1p1/8/8/bP1P1N2/P1PBPPPP/R2QKB1R w KQkq - 0 6,-407
rnb2bnr/3pk3/4ppp1/ppp4p/7P/P5P1/RPPPN1K1/1NB2B1R w - - 0 14,-414
2b2q2/rp2k2r/n2ppp1n/2p3p1/P7/B2P1PpP/4P3/R3KBR1 b Q - 0 22,985
r1b4B/p7/Pk6/7P/4p2P/1n6/R7/3K4 w - - 1 41,-251
8/6pr/3kb2p/p4p2/P3r2P/5NK1/6P1/7R w - - 5 36,-546
rnbqkbnr/1pppp1pp/p4p2/8/1P6/P2P4/2P1PPPP/RNBQKBNR b KQkq - 0 3,-17
rnbkn2r/pp1pppb1/7p/8/1P6/N1pP4/P1P1P1PP/1R1Q1KNR w - - 0 15,360
8/8/1p4kn/3B2p1/1P2P3/1P6/8/4BK2 w - - 5 40,585
2r2b1r/1p1p1k1p/p2qp2p/8/2P1PP1P/3P1P2/1P6/1N1QKBNR w K - 0 17,411
rnbqkbnr/pppppppp/8/8/1P1P4/8/P1P1PPPP/RNBQKBNR b KQkq - 0 3,-4
1nq2b1r/3p2pp/2k2p2/1p6/8/2P2NPP/2P1P2R/R1B1KB2 b - - 2 19,226
1n1qkbnr/rpp1pp1p/3p2p1/p7/2P5/8/PP1PNP1P/RNBQKB1R w KQk - 1 7,385
5bn1/2pk3r/8/3p1p2/1p5n/4P3/8/1N2K3 b - - 1 37,935
rnbqkbnr/p1ppp1p1/1p3p2/8/6p1/PP1P4/2P1PP1P/RNBQKBNR w KQkq - 0 5,-138
4k3/3p4/b3p1pp/1N2P3/8/1P3N2/P1PP3P/R2K3R w - - 2 26,910
5rk1/4r3/8/p7/3P4/5P2/3K2P1/3N4 w - - 4 36,-477
r1b3r1/3p4/3k2p1/p7/N1P1p1PP/R7/P2P1P2/4KB2 b - - 0 26,3
6nr/4p3/n4kpb/2p5/5PB1/4P1KN/8/8 w - - 2 37,-607
8/pk2p2p/3p4/8/p4n2/5P1b/1B5K/8 b - - 0 35,790
rnbq1bnr/1ppkpppp/p7/3p4/3P4/5N2/PPP1PPPP/RNBQKBR1 w Q - 1 4,119
rnbqkb1r/1p1ppppp/5n2/p1p2P2/8/P6P/1PPPP1P1/RNBQKBNR w KQkq - 0 5,-129
1n6/r1p2k2/8/p3pp2/P1K4n/2P5/1P1RP3/5B2 w - - 1 36,-264
rk6/7p/p1nN4/8/2P2p2/5P2/5P1P/K6R b - - 3 39,-6
1nR5/4p3/rk6/3P4/1P6/8/1pP5/4K3 b - - 1 35,580
1nbk4/5pp1/3r4/4p3/1b2P3/3r1P2/P2P1KP1/6N1 w - - 0 22,-1008
4k3/8/1p5p/6N1/6P1/1Pr2P2/8/5K2 w - - 0 39,-411
1rb1k2r/pp1p1p1p/3pp1pn/n7/7b/PP2P2N/2PPBPP1/1RBQK2R w Kk - 0 12,650
8/2pp1k2/8/P4p1p/3PbPpb/1r6/4K2P/5R2 b - - 4 37,825
1n3k1r/5p1p/4p3/1R5P/1b5P/8/1PK2P2/2N2R2 b - - 2 31,-423
rn1qkbnr/pbppppp1/8/1p5p/3P4/4B1P1/PPP1PP1P/RN1QKBNR w KQkq - 0 4,51
rnbq1bnr/p1pppkp1/7p/1Q3p2/P1P5/R4P2/1P1PP1PP/1NB1KBNR b K - 2 6,109
3r3r/p1k5/np2pq2/8/4P1P1/P1P5/RK2N3/1N2Q3 w - - 4 28,-409
6nr/8/4p1Pp/pk6/8/5p1b/2R4P/b5K1 b - - 2 40,817
r1bqkbnr/1ppppp1p/n5p1/p7/P6P/1P6/2PPPPP1/RNBQKBNR w KQkq - 0 4,5
6nr/p2pk2p/1p2p2b/4P3/K1P2P2/2B5/P3r3/R7 w - - 7 30,-639
8/3prr1k/p6p/P1p1pp2/2N4p/1P1P3P/3K4/1R6 b - - 3 39,532
6nr/2p3k1/p2p1ppp/8/P3p3/4P2P/5PP1/R4K1R w - - 1 23,337
r1bqkbnr/p1ppppp1/7p/1P6/8/N6N/P1QPPPPP/R1B1KB1R b KQkq - 0 6,-504
6r1/2k2p2/3p4/p5p1/P3P1P1/2P5/7P/5K2 b - - 0 40,626
r1bk3r/3n3p/1p6/p5PP/5p2/7P/P2N3K/R4B1R w - - 0 31,198
rnbqkb1r/pp1p1ppp/2pp1n2/8/8/8/PPPPPPPP/R1BQKBNR w KQkq - 0 4,-451
r3k1n1/p1p5/4p3/2b3p1/P1P1P1P1/1P1B4/3NK3/3N3R b - - 3 26,-534
3qk2r/3b2pp/3bpp2/1R6/2p1P3/6P1/1P1PNP2/1NB1K2B w k - 0 22,-392
8/B1rnn2p/2N5/8/6kP/1P6/2K2P2/r5NR w - - 5 30,-256
rnb5/1p6/p2pkp1R/8/4P1P1/6K1/1n1Q4/R1B3N1 b - - 1 24,-839
3B4/p6p/3k4/1B3p2/P3b2P/1r3NK1/6P1/7R w - - 7 37,570
r1bqkbnr/ppppp1p1/8/5p1p/7P/1P3PPR/P1PP1PB1/RNBQK1N1 b Qkq - 0 6,-477
rnbqkbnr/pppppppp/8/8/2P4P/P7/1P1PPPP1/RNBQKBNR b KQkq - 0 3,-58
rnbqkbnr/ppp2ppp/3pp3/8/3P4/N6N/PPP1PPPP/R1BQKB1R b KQkq - 0 3,41
r1bqkbnr/ppppp1pp/2n5/5p2/8/N4P2/PPPPP1PP/R1BQKBNR w KQkq - 0 3,-61
rn2k3/pp2n2r/8/2pp2p1/P7/3P4/P4QP1/R1K5 b q - 0 25,369
rnbqkbnr/1ppp1ppp/8/p3p3/P7/2P5/1P1PPPPP/RNBQKBNR w KQkq - 0 3,-35
rnbqkbnr/ppp1p1pp/3p1p2/8/5P2/8/PPPPPKPP/RNBQ1BNR w kq - 0 3,13
rnbqkbn1/1pppppp1/7r/p6p/8/N3KP2/PPPPP1PP/R1BQ1BNR w q - 2 5,-84
5rnr/p3p2p/2p1k3/p3b1P1/4P2P/8/2K5/1N5N w - - 7 39,-813
rnbqkbn1/3p1pp1/ppp1p2r/7p/1PPP4/B7/P3PPPP/RN1QKBNR w q - 0 10,64
1n6/2k3p1/r1p1p3/p5RP/8/3K4/PPPB4/R7 b - - 0 26,-636
2b1k2r/2ppbpp1/p1n4p/8/PnN5/8/1P1PK1P1/R1B3N1 w k - 0 21,-711
r1bqkbnr/ppppp1pp/n4p2/8/6P1/2P5/PP1PPP1P/RNBQKBNR w KQkq - 1 3,-32
rq2kbnr/2pppp1p/p1n5/1p5P/4B1Q1/2P4R/PP1P2P1/RNB1K1N1 b Qkq - 2 10,-318
2k2b1r/p2rnppp/8/5P2/P3K3/7P/3P4/R1B5 w - - 2 25,-646
4Nbn1/4p2r/1k6/R4p1p/1P1N1P2/8/7P/2BbK1R1 b - - 8 30,-655
rnbqkb1r/pp1p3p/2p5/4ppp1/P1n5/5PP1/1P1PP2P/1RBQKBNR w Kkq - 0 9,-471
rnb1kb1r/p1p4q/3ppp2/8/2p1P1P1/8/PP1PK3/RNB2BN1 w kq - 0 13,-887
r1bqkb1r/p2n1p1p/2Npp1pn/1N6/8/1P4P1/PBPPPP1P/R2QKB1R b KQkq - 0 8,-242
rnbqkb1r/ppppppp1/8/7p/1P1N4/3P4/PB1PPPPP/RN1QKB1R w KQkq - 0 6,489
5bnr/4k1pp/3pp3/5pR1/2Pp4/R5P1/1K1P1P2/8 b - - 2 25,479
rnb3n1/p4k2/3pp1pr/2p5/P4PB1/2P1P1P1/3P4/2R1K1N1 b - - 2 16,647
8/3r1k1p/8/p4p2/P5nP/B6P/RP2N1K1/1R6 b - - 2 40,-604
r4bnr/pb1kpp2/2p4p/p7/6P1/P3P2N/1BPP1P1P/RN2K2R b KQ - 0 11,-248
rnb2bn1/p2kp1pr/p1p5/5p1p/3P1P1P/PP4P1/3Q4/R1B1K1NR b Q - 2 17,-398
rnbqkb1r/1pp1pppp/5n2/p2p4/7P/N4PP1/PPPPP3/R1BQKBNR w KQkq - 0 5,-95
rnbqkbnr/pp2pppp/8/2pp4/5P1P/8/PPPPP1P1/RNBQKBNR b KQkq - 0 3,231
3q1b1r/2pbpk1n/7p/3p2p1/3P4/1P2K3/2P1PPPP/RQ3B1R w - - 0 16,-178
rn2kbnr/ppp1pp1p/6p1/6B1/R7/3P2P1/1PQ2P2/RN3KN1 b kq - 1 11,-609
1rbqkbnr/ppp1pppp/8/3p4/P5P1/1P6/1P1PPP1P/1NBQKBNR w Kk - 1 6,-380
8/1pk5/1p3n2/7p/7P/6PB/4N3/5K1R w - - 9 41,696
rn1qkbnr/pp2pppp/8/2p2b2/3p1P1P/N7/PPPPP1P1/R1BQKBNR w KQkq - 1 5,-80
r1bq1b1r/ppppnk2/7p/6p1/P1P1P3/8/1P1K1PPP/RNBQ1BNR b - - 0 9,-462
rn3b2/1p2k1p1/2p5/p2ppp2/P7/2PPP2r/1P1K4/RN1R4 w - - 0 26,-733
1rbn2n1/1p1p1k2/4r3/PBP5/3P1pPp/7P/3K4/6NR b - - 0 34,550
k1r5/4p2p/3p4/1p3p1P/2P5/4B3/4P3/2K1R3 w - - 1 38,220
rn1qkbnr/p3ppp1/1pp5/3p3p/1P6/N6P/P1PPPP1P/R1BQKBNR w KQkq - 0 7,479
r2k4/1p4P1/p7/3Pp3/8/2R4b/8/6K1 b - - 0 37,178
8/1p3kp1/3b1p1n/B1pP4/P7/4P3/1PK5/8 b - - 0 35,615
rnbqkbnr/pp2pppp/2p5/3p4/3P4/7P/PPP1PPP1/RNBQKBNR w KQkq - 0 3,17
8/3k4/8/p2P4/3PN3/4P3/1B1K4/8 b - - 4 39,-545
1rbqkbnr/pppppppp/8/8/1B5P/3P1P1N/PPP1P3/RN1QKB1R b KQk - 2 7,-341
2b2bnr/1p3ppp/2pk1n2/8/8/r1P1PNP1/3K3P/3R4 w - - 0 23,-841
rnb1k2r/pppp2pp/5p1n/b3p1q1/4P3/N7/P1PP1PPP/R1BQKB1R w KQkq - 0 7,-349
6n1/p7/Pk6/6p1/5ppr/2PP4/1K4P1/N4B2 w - - 1 35,-478
4rb1r/pqp1pn1p/1p4p1/3k4/1P3PP1/N1P4P/RB2P3/2K2R2 b - - 2 28,607
1k3bn1/1r6/3p4/5p1p/7P/3n4/3P3K/6N1 w - - 4 40,-779
2r5/pp6/nk6/2p1P3/8/5N1b/2P5/1N1BK3 w - - 2 33,-355
2bN2nr/p1p5/2B4p/2p1k1p1/4P3/1PP5/P2PP2P/R2QK1NR w - - 2 23,979
rnbqkbnr/ppp3pp/4pp2/3p4/1P3P1P/8/P1PPP1P1/RNBQKBNR w KQkq - 0 4,-96
6nr/P3p2p/4Pn2/6k1/p7/P5B1/6P1/bN3K2 b - - 0 37,-37
N5br/B2pn3/2p4p/4k3/8/8/PP6/1R1K2N1 w - - 1 32,201
rnbqkbnr/p1pppppp/1p6/8/3P4/P4P2/1PPNP1PP/R1BQKBNR b KQkq - 0 4,-60
rnbqk1nr/pppp1ppp/4p3/8/4N3/6P1/PPPPP2P/R1BQKBNR b KQkq - 0 4,-438
rn3b1r/pppb1k1p/5p1n/8/5N2/6P1/PPPPP2P/1RBQK1NR b K - 1 10,-629
rn6/p1pb2kr/4pppp/np6/4Q1P1/3PB1K1/P1P2P1P/5BR1 b - - 2 19,-375
3kr3/8/3pp1np/8/7p/3PPP2/3K4/4R3 b - - 2 33,503
r1bqkbnr/ppp2ppp/2npp3/8/8/4P1PP/PPPP1P2/RNBQKBNR w KQkq - 1 4,15
rn2k3/3pp1b1/5p1n/pp6/3P2P1/5K1P/2PNP3/5B1R w q - 1 19,-418
8/2N2R2/7k/7p/p2P3P/6R1/5K2/1r6 w - - 2 40,533
rnbqkbnr/1ppp1ppp/p7/4p3/8/3PP3/PPP2PPP/RNBQKBNR w KQkq - 0 3,11
rnbqkbnr/pp1p1ppp/2p1p3/8/2N3P1/2P5/PP1PPP1P/R1BQKBNR w KQkq - 0 5,-10
r4bn1/1R2pk2/p7/3pP3/P2P4/7K/1B4p1/3R4 b - - 1 34,-402
rn5r/3pn1kp/pp4p1/8/P5P1/N2PK3/5N2/1R5b b - - 4 26,747
1rb1k1nr/1p1p2p1/4p3/p2p1p1p/5P2/K2P1P1P/PPP3B1/R1BQN2R b k - 1 16,-614
5b1r/p1p2k2/n4nq1/8/1p6/4P3/PP6/4K1N1 w - - 0 31,-1023
rnbqkbnr/1pppp1pp/5p2/p7/P7/7P/1PPPPPP1/RNBQKBNR w KQkq - 0 3,87
b6r/4pkbp/5n2/P7/1p5K/4B2P/PNP4r/1R6 w - - 0 30,-637
rnbqkbnr/ppppp2p/5p2/6p1/1P6/P5P1/2PPPP1P/RNBQKBNR b KQkq - 0 3,-75
rnbqkbnr/pp1pp1pp/8/2p2p2/8/PP6/2PPPPPP/RNBQKBNR w KQkq - 0 3,16
2rq1bnr/p1pppk1p/P5p1/5p2/2P5/5NP1/1P1PPP1P/1NBQKB1R w K - 1 8,717
r3nb2/ppp1kpp1/8/3p4/P2P2p1/1P1PB3/2K1N3/1R6 b - - 0 28,453
r1bqkbnr/p1p1pppp/2np4/1p6/7P/1PP5/P2PPPP1/RNBQKBNR b KQkq - 0 4,37
4r3/1pp5/p1k2p1P/2p4p/6b1/P1K1Pp2/8/4R3 w - - 4 35,-710
r3k1r1/p4pbp/5p1n/1P4p1/4P3/2P4N/P4KPP/RN3BR1 b - - 3 19,-315
4qkn1/1p1b4/n1p1p3/2p5/3bK3/1P5P/3P4/1N6 w - - 3 29,-1108
rnB1k3/1p3p2/2p3r1/p6p/2PB3b/P3P3/1QK1P2P/R4R2 b q - 0 25,-729
8/1kp2ppr/8/3p3p/3P4/2P2N2/1P1KR1P1/1NB1QB2 b - - 4 23,-1060
1B6/5k1r/2B4p/p5p1/1p6/3P4/P1K1PP1P/RN5R w - - 3 24,941
2b1k3/2p2p2/3pp3/7P/1p3BP1/4PN2/R2PBK2/1N1Q3R b - - 0 22,-1011
2k3n1/4p3/8/r1p3b1/8/5P2/2b1K3/8 w - - 0 36,-782
rn1qkb1r/p1p1pppp/4b3/3p4/p6B/N1PP1P2/1PK1P3/R2Q1nNR b kq - 1 10,686
1n1k3r/r4p1b/1p6/p1pp2np/P4P1P/1PP1P3/8/K2RNR2 b - - 3 30,662
r2k2nr/2p1bppp/p1p5/4p3/1P6/N4K1P/R1PP1PP1/2B3NR w - - 1 15,498
1rbqkbnr/pppppp1p/6p1/8/1n1P4/8/P1PKPPPP/RNBQ1BNR w k - 1 5,-209
2rqk1nr/pbp2p1p/2np4/1p2p1p1/8/2P3PB/P3PP1P/RNB1K1NR b k - 2 11,773
rnb1kbnr/ppq2ppp/8/2p1p3/8/3P4/PPP1PPPP/R1BQKBNR w KQkq - 0 5,-472
r1bqkbnr/pp1pp1p1/2p4p/5p1P/8/4PK2/P1PP1PP1/RNQ2BNR b kq - 0 8,346
1nb2bn1/rpqpp3/p5k1/2p5/2P4R/5P2/PP1PP1B1/RNBQK1N1 w Q - 4 11,656
rn2k1b1/p2pB1p1/8/4P3/5PP1/P7/1P2K3/nr6 w - - 5 30,-797
1rb1kbr1/ppp1qppp/1n1ppn2/8/P3P2P/2PB4/1P1P1PP1/RNB1K1NR w KQ - 0 9,-721
1n5r/4kn1p/3p4/1P1P1b2/8/5P2/2P1P2P/4KBNR w K - 0 23,106
rqb1k3/1p1n1pp1/3p4/p1p1pQ2/2P1P3/PP6/1BR5/4KN2 b q - 1 28,312
2n5/4kp2/7p/2P5/2RpB3/P6P/2PKN3/7R b - - 2 34,-911
5k1r/5p1p/7P/5p2/2pn4/8/6K1/7N b - - 3 38,834
rnbqkbr1/pp1ppp1p/2p4p/8/8/3P1PP1/PPP1P2P/RN1QKBNR w KQq - 0 5,4
1nb1kb1r/1p1p2pp/4p3/2p1P2n/1p4PR/3P3N/2P2P2/1NB1KB2 b - - 2 13,-101
rnbqkbnr/p1pppp1p/1p6/6N1/3P4/8/PPP1PPPP/RNBQKB1R b KQkq - 0 3,-266
2b3Q1/rppq4/2k1p3/3p4/p2P4/4P1P1/PPPB4/RN1K2NR b - - 1 21,-745
rn1qkbnr/ppp1pppp/3p4/5b2/8/N4N2/PPPPPPPP/R1BQKB1R w KQkq - 2 3,16
rn1qkbnr/ppp1pppp/4b3/3p4/P7/2P1P3/1P1P1PPP/RNBQKBNR b KQkq - 0 3,-18
rnbqkbnr/pp1pp2p/5pp1/2p5/4P3/2N3P1/PPPPNP1P/R1BQKB1R b KQkq - 1 4,-88
rnbqkbn1/pp3ppr/2p5/3pp3/8/P3P1P1/1PPP1P1P/RNB1KBNR w KQq - 0 6,-670
6n1/rbp5/2p3k1/8/5PP1/PqB1P2P/7K/R4R2 w - - 3 38,-324
1r1k1bnr/pp1bpppp/2p5/7P/3P1P2/8/P2NP1P1/R2QKBNR w KQ - 1 12,868
1n4k1/8/4P3/8/P3p3/4B1P1/P3K3/b2N1B2 w - - 0 41,855
8/2p1k3/4p1p1/2P1n3/5p2/8/8/2N1K3 w - - 2 41,-468
rnbqkbnr/pp2pp2/2pp3p/6p1/2P1P3/8/PP1P1PPP/RNBQKBNR b KQkq - 1 5,30
rnbqkbnr/ppppp2p/5pp1/8/P7/2P5/1P1PPPPP/RNBQKBNR w KQkq - 0 3,103
rnbqkb1r/1p1ppp1p/p2p1np1/8/1P6/3P4/P1P1PPPP/R1BQKBNR b KQkq - 0 5,684
r7/k2n1pr1/8/p1b1p2p/4P2P/7P/K7/8 b - - 0 34,1036
4kr2/8/2p4p/4pp2/b6R/2P1P3/5P2/4K1N1 b - - 2 34,9
r1b2b1r/p1p1p3/4k2n/5p1p/7P/5P2/P2PP1P1/R1B1KB1R w KQ - 1 15,-302
1n6/2p5/3k1p1p/5p2/RP1P4/2N2B2/5K2/B1N5 w - - 0 32,957
r1b1q3/2ppkp1p/1pn1p2n/p5r1/P7/1PNPP3/2P2PPP/1R1QKB1R w K - 0 15,-334
rn4k1/p6p/2p2ppn/P3p3/2N5/2R2P1K/1Pb5/5R2 b - - 3 32,436
rnbqkbn1/pppppp1r/6p1/7p/2P5/1P5P/P2PPPP1/RNBQKBNR w KQq - 1 4,93
rnbqkbnr/pp1pp1pp/2p2p2/8/7P/8/PPPPPPPR/RNBQKBN1 w Qkq - 0 3,-62
r1bqkbnr/p1pppp1p/2n5/6P1/1p1P4/6P1/PPP1P2P/RNBQKBNR w KQkq - 1 5,275
1nb3qr/r2pbk1p/pp1pp1p1/6p1/2P5/P2P4/1PQBPP1N/1R2KBR1 b - - 1 18,45
rnbqkbnr/1pppp1pp/5p2/p7/P3P3/5P2/1PPP2PP/RNBQKBNR w KQkq - 0 4,87
3r4/6p1/1p3p1n/p1k4B/7P/1P1P4/2P2KPR/1R1Q2N1 w - - 1 25,1073
5k2/4p3/2p3p1/6Np/5P2/6R1/3K2PP/B3R3 b - - 7 32,-885
r6r/8/3p3n/3P2Nk/1p1P1P2/qP4K1/7P/5R2 w - - 5 39,-713
rn1q1b1r/p1ppp1pp/7n/1p3k2/3P1P2/2P4P/PP2BP2/RNB1K3 b - - 2 15,643
2b1k1nr/2pp2q1/1p2p1pb/r6p/2PP1P2/P3B3/4PP1P/R1Q1KB1R w k - 5 23,-387
rnbqkb1r/ppppp1pp/7n/5p2/N6P/8/PPPPPPP1/R1BQKBNR b KQkq - 1 4,5
rnb1kbnr/pp1p1ppp/1qp1p3/8/8/P1P1P3/1P1P1PPP/RNBQKBNR w KQkq - 1 4,31
4kb2/2p1pp1n/Pp1p4/3P1P2/r7/8/8/2BK2N1 w - - 0 30,-631
6n1/8/1p1pk3/p7/P5nP/1Pb2B2/8/7K b - - 3 39,627
rnb1kbnr/pp1ppp2/q1p4p/8/2P2p2/P7/NP1PP1PP/R1BQKBNR w KQkq - 4 7,40
r1bq1b1r/pppnkpp1/3pp2n/7p/4P3/1PP3P1/P2PNP1P/RNBQKB1R w KQ - 1 7,77
r1b1qbnr/pppppkp1/n4p1p/8/P1P1P3/3P1QP1/1P3P1P/RNB1KBNR b KQ - 0 6,-45
r1qk2n1/p2n4/2p5/R7/P5PP/2p2P2/1b2K3/8 b - - 0 30,886
rnbqkb1r/pp1pp1pp/2p2n2/8/1P3p1P/5N2/P1PPPPP1/RNBQKB1R b KQkq - 3 5,57
7r/p3nk1p/npp2p2/8/P1P5/RP6/3NK2P/4R3 w - - 0 35,156
r1bq1b1r/1pp1pppp/n3k3/p4nP1/8/2P4N/PP1PPP1P/RNB1KB1R w KQ - 3 7,-468
2b1k3/2p5/ppn1pp1n/5p2/1q6/8/P1PPPP1P/RNBQK2R w KQ - 0 13,383
8/3p2kN/r2P2p1/2P1p3/1p2P3/1B3KP1/8/8 w - - 2 37,1
B7/r2n2p1/1k6/p1p2KB1/P1P3P1/1P1P4/4Pb2/R7 w - - 2 32,488
4r3/3p4/7p/8/4k1p1/1P2P1P1/K6P/4R3 b - - 0 39,32
7r/8/5p1k/1P3p1p/3P3P/7P/8/1N3BK1 b - - 0 35,-348
2bqkbnr/r2ppppp/np6/p1p5/P7/R1P2P2/1P1PPKPP/1NBQ1BNR b k - 3 6,110
4kb2/1b6/pn1n4/6P1/3p2K1/2p3P1/P1P1P3/1Q6 b - - 2 31,350
6R1/1k6/8/1pp2p2/5P2/p7/P1P1P3/4K1NR w - - 0 36,895
r1b2n1r/pp2pk2/7n/1P1P1p1p/P2p1B1P/1P6/2N2KP1/R4B1R b - - 0 23,56
r3kbr1/p1p2p1p/P1p2np1/4p3/8/4P3/1P1P1P1P/1NBbKBNR b Kq - 0 15,372
5k2/bp6/8/4p3/PNP1P3/6P1/1r3P2/R4K2 w - - 1 36,306
rnbqkb1r/p1p1pppp/1p1p1n2/8/2P5/P6P/1P1PPPP1/RNBQKBNR w KQkq - 0 4,96
r1r4B/2p5/bpPp4/p4k2/7P/P5K1/8/6NR w - - 1 37,-419
7k/3p4/4p1bn/8/P7/p1K4P/8/5R2 w - - 0 37,0
rnb1k1nr/p2ppp1p/1pp5/8/P3P1P1/7N/2Pb1PBP/1R1K3R b kq - 1 10,653
8/p3b3/1p6/1p4p1/4k3/1P6/3K2P1/8 w - - 2 41,-685
1nbqkbnr/1p1p1ppp/r1p5/4p3/4P1P1/5P2/PPPP1K1P/RNBQ2NR w k - 0 7,-560
r1bq1bnr/pppkp1pp/2n2p2/3p4/P7/4P3/1PPP1PPP/RNBQKBNR b KQ - 3 5,54
r7/p3k3/8/2p1pP2/6R1/1P5K/P4P2/2n5 w - - 1 35,-324
8/r1pp1r1p/n3k3/p5p1/1p3p2/3P1P2/PR1KP1PP/4NBNR b - - 3 30,-391
rnbq3r/3pk1p1/p7/1pPpP2p/8/2P3P1/P2P1K1P/RNB3NR b - - 0 13,538
rnbq1bnr/ppp1pkpp/3p4/5p2/1P5P/N4N2/P1PPPPP1/R1BQKB1R b KQ - 1 4,-40
2k5/7p/1rPpp3/6b1/2P5/1P6/3N1PKP/2B2R2 w - - 1 31,533
8/3pk1p1/3r4/p7/P3pPPp/7r/4K3/4R1N1 b - - 1 38,656
4B3/6p1/8/3p4/1P1k4/P7/3P1b1R/R1B2K2 b - - 2 40,-672
r2q2n1/2p1pk2/p1n4b/3p3p/p2P3P/4P3/1PrNK3/4RBN1 w - - 2 21,-801
1n2k3/6p1/pp6/8/2P2P2/6R1/5B2/3K4 b - - 4 35,-581
rn2k3/1pp2r1p/p6p/3p4/P3p3/1PP1P2b/R2PNP1P/1NB1K2R w Kq - 0 17,490
r1n1k2r/p1P3b1/1p2p2p/5p2/P4P2/1P2P1PP/5K2/2R5 b - - 6 28,697
2rk4/p1p4p/P3pP2/6P1/2P3p1/6P1/3N2RP/4K3 w - - 1 34,633
r7/p6k/3p4/3P3p/4pK1P/r5nN/1n6/1N6 b - - 3 39,5000
rnb5/1p1pknp1/8/p4p1p/8/3P3P/P3KPP1/1NQ2BNR b - - 3 20,-747
2bk2nr/r1pp4/4p1Pp/1P2N3/3P4/1P1B4/2PN1PPP/2B1K1R1 b - - 2 17,-737
rn1qkb1r/p1p1pp1p/1pbp3p/8/1P1P4/5P2/P1P1P1PP/RN1QKBNR w KQkq - 1 7,25
1nb5/6k1/3pp3/p4pp1/8/3PP3/P2RN1BP/4K2R b - - 3 28,-765
4k3/5p2/8/8/1q3p1B/p2P4/P4K1P/3R2Nb b - - 6 26,509
r7/1k2b3/8/p7/8/8/5PR1/1N2KBNr w - - 2 31,37
r3k1nr/ppp5/n2p1ppp/1P1B4/P3p1P1/4P3/R1PP3P/1NB1RK1N b - - 0 18,-676
rnbq1knr/pppp2bp/4ppp1/8/6P1/4PQ2/PPPP1P1P/RNB1KBNR b KQ - 5 6,42
r1bqkbnr/p1pppppp/p7/8/8/4P3/PPPP1PPP/RNBQK1NR w KQkq - 0 3,44
5b1r/nbp1n3/2kp2p1/1p6/5p1P/2PP4/1B2P1P1/3K1B1R w - - 2 26,-544
rnb1kb1r/pppq1ppp/4p2n/3p4/3P4/4P2N/PPPN1PPP/R1BQKB1R w KQkq - 2 5,54
5b2/7k/8/p3B3/8/7P/P3PP2/1N2KB2 b - - 0 31,-635
3k2n1/N3p3/b2p4/6Pp/P4p2/8/4r3/3R1K2 b - - 4 34,693
5knr/2n2pp1/2b4p/1pPpP3/8/N3K1PN/P1P1B3/R1BQ3R b - - 0 20,-760
r1b2bnr/3ppkp1/5p1p/p6P/3PP3/6K1/PP4P1/RNBQ2NR b - - 0 12,-717
rnb2k2/2r5/5P2/3p1p1p/3B4/3B2P1/7P/6RK b - - 0 35,374
r1bqkbnr/p1pppppp/n7/7P/1p6/6P1/PPPPPP1R/RNBQKBN1 b Qkq - 0 4,0
rnbqkbnr/1ppppp1p/6p1/p7/3P1P2/P7/1PP1P1PP/RNBQKBNR b KQkq - 0 3,23
1n1k1b1r/4p1p1/4B2p/7P/1P1pb1P1/8/R6R/4K3 b - - 0 37,41
4kb1r/3rp1p1/5p2/3b3p/pP6/P5P1/P3K2P/R5NR w - - 0 28,-628
2b1k2B/7R/1p2p3/1N1p2q1/1P1P2n1/8/2P1PP2/3QKB2 w - - 1 21,639
r1b2knr/pppp1ppp/4p3/1P6/5K2/1P6/3PP1PP/RNBQ1BNR b - - 0 10,-746
1nbq2nr/3pp2p/r5pP/8/4k3/6K1/PPPP3P/RNB3NR w - - 0 15,-414
rn1qkbnr/p1p1pppp/1p1pb3/8/P7/R2P4/1PP1PPPP/1NBQKBNR w Kkq - 2 4,98
6r1/3p4/4k3/5p2/1PK2P2/5R2/3N4/2B5 w - - 11 41,606
r1bqk2r/pppp1ppp/n3p3/7n/6Q1/2B4P/P2PPPP1/RN2KBNR b KQkq - 0 7,-490
rnbqkbnr/ppp1ppp1/3p4/7p/P7/8/RPPPPPPP/1NBQKBNR w Kkq - 0 3,-38
3r3k/pR2p3/5p2/8/4P3/P5N1/1KP2P2/8 b - - 2 29,-534
rn1q1bnr/1ppkpppp/p7/3p4/P7/2P5/1P1PPPPP/RNB1KBNR b KQ - 0 5,660
4B1kr/7p/8/p2p1p1K/P1R4P/NP6/8/6b1 w - - 0 35,355
rn2kb2/1p2p3/5p1r/2PP2pp/p7/P3B2N/4P1PR/3QKB2 b - - 0 21,-566
rnbqkb1r/ppppnppp/8/4p3/2P5/4P3/PP1P1PPP/RNBQKBNR w KQkq - 1 3,61
5r2/7p/5pk1/p1rp1n2/5b2/3K3P/R3P1P1/5BNR b - - 1 35,503
rnB1kbn1/4pp2/8/pNp5/8/4P3/PBP2P2/R5K1 b q - 3 21,-301
3k1bn1/r2pp1p1/p4p2/1qp2P2/8/P2P4/4P2n/2K3Nb w - - 0 27,-1075
B4b1r/2R2ppp/3p2kn/3Pp3/8/2K4b/5P2/1N6 b - - 0 27,644
rnb1kbnr/3p1ppp/p3p3/p1p3q1/P7/2P1P3/1P1PKPPP/RNB2BNR w kq - 2 7,-709
rnbqkb1r/ppp1p1pp/3p1p1n/8/8/5P1P/PPPPP1PR/RNBQKBN1 w Qkq - 2 4,-19
rn3k2/p2p4/p2r4/7p/1P3P1P/4K1PN/PB6/7R w - - 1 25,-16
1k6/p1p2p2/2P5/p3BP2/8/8/8/5K2 b - - 0 36,-311
4k3/6b1/5p2/rp1n1K2/p4P2/2P1P2R/P7/RNN5 w - - 1 34,387
1n3k1r/1p3p1p/2pp4/1p3Q2/4K3/4PP2/1RP2NB1/7R b - - 0 24,-750
3k1b2/1pp2pp1/2n1p2r/r1p4P/8/4KN1R/PPP1PP2/R1B2B2 w - - 0 14,456
rnbqkb1r/1p1pp1pp/2p2p2/P4n2/P7/8/2PPP1PP/RNBQKBNR w KQkq - 0 6,-122
6k1/p3B2p/2p4P/8/4npP1/8/P7/RN3K1R w - - 0 39,719
rnbqkbnr/1p1ppppp/p1p5/8/8/P3P1P1/1PPP1P1P/RNBQKBNR b KQkq - 0 3,5
3k4/2r3b1/p4p2/7p/5P1P/P4K1N/7P/4B3 b - - 1 36,469
rn2k3/7p/p2p4/7p/P7/4P1rB/3N4/5KNR w - - 0 24,193
4r3/4n2p/1P4k1/2P5/5B2/7P/5K1R/1N4N1 b - - 2 30,-605
rnbqkbnr/p1pp1ppp/8/1p2p3/6P1/2N2N2/PPPPPP1P/R1BQKB1R b KQkq - 1 3,110
2bk4/1rp5/1p2p2P/p7/4N3/P2PP3/P1PK1P2/R1BB3R b - - 0 19,-1075
1nbq1bn1/rpppp1pr/5k1p/p4P1P/5P2/8/PPPPK1P1/RNBQ1BNR w - - 1 8,442
3qkbn1/prp1p3/np1p1pP1/8/PP2P3/B1N1K2b/3PNP1P/R2Q3R w - - 0 19,386
5b2/3kp2r/5p1n/1N6/4P1R1/5P1P/1PqNB2B/4K3 w - - 1 30,-305
2n3n1/2kp4/8/6PB/1Pp1Q3/4K3/8/1NB5 b - - 0 38,-733
1nbq1br1/2pp1k1p/4p1p1/1p6/8/3P2PP/1PPB1K2/rNQ3NR w - - 0 14,-431
r1bqkbnr/1ppppppp/2n5/p7/7P/3P4/PPP1PPP1/RNBQKBNR w KQkq - 0 3,10
rnbqkb1r/ppp1pppp/3p3n/6B1/3P4/5P2/PPP1P1PP/RN1QKBNR b KQkq - 0 3,-102
rnbqkbnr/pp1p1ppp/2p1p3/8/2P5/P7/1P1PPPPP/RNBQKBNR w KQkq - 0 3,33
3k3r/6pp/n1p5/r3P3/6B1/5KP1/2PN1N1P/7R w - - 5 24,398
1r1q1bnr/pppkp3/3p1p1p/n7/7p/2N5/1PPPPP1P/R1BQ1RK1 b - - 1 11,292
rnb1kbnr/pppp1ppp/8/2P1p3/6qP/8/PP1PPP1R/RNBQKBN1 w Qkq - 1 6,-152
rnb1kbnr/1p1pppp1/p1pq4/7p/2P1P3/5P1N/PP1PK1PP/RNBQ1B1R w kq - 3 6,173
4n2B/7p/1R6/K5p1/8/7P/4k2P/8 w - - 4 41,484
rnbqkbnr/1pp1pppp/3p4/pN6/8/5P2/PPPPP1PP/R1BQKBNR b KQkq - 1 3,46
7r/pk2p3/5n2/2p5/P7/7p/1B2N3/3K4 b - - 0 31,761
rn2kr2/p2pb1pp/1p4b1/2p5/P1P3K1/7N/R3P1BP/2B5 b q - 5 24,731
1n1qkb1r/1ppbpppp/4rn2/p7/4P3/1P4P1/P1PP1P1P/RNBQK1NR w KQk - 0 6,-412
3k2n1/6p1/1P2K3/3P1Q2/p7/P3B1P1/P3RP1P/RN6 b - - 0 40,-1221
6B1/1b1k4/8/r1p2P1K/6R1/6PN/1BP2P2/8 b - - 4 39,-738
1nbqkbnr/2pp2pp/rp6/p4p2/2P1p3/NP3NPP/P2PPP2/R1BQKB1R w KQk - 0 7,59
r1bqkbnr/pppp2p1/5p2/7p/8/3P2P1/PP1KPP1P/RNQ2BNR b kq - 0 7,81
rnbqkb1r/1pppp3/p6p/P4pp1/8/RPN4P/1BPPP3/3QKBNR b Kkq - 0 11,-163
8/3k4/p7/8/pP1KPpb1/8/8/8 w - - 7 41,-573
2B1k1n1/8/5p1B/2p5/P7/Nr6/5P2/R2K4 w - - 5 37,603
1r2kb1r/pp2pp1p/2p4p/4Q3/1P4K1/2P2N2/P3P1PP/1R3B1R b k - 1 14,-671
8/8/5k2/2P2p2/1P2R3/8/2PB3P/3KR3 w - - 3 40,862
r1bqkbnr/pppp1ppp/8/4p3/2Pn4/8/PP1PPPPP/RNBQKB1R w KQkq - 0 4,-512
3k1n1r/8/1bp5/4P1p1/r5N1/2P5/1B5P/1R5K w - - 0 38,-333
3kn1nr/3p2pp/4pp2/r7/5P1P/2P2P2/3PP3/2B1KB1R w - - 2 19,-418
2r5/p3k3/3p2P1/1p5p/2n5/3P3P/4K1P1/7R b - - 4 38,483
8/r2n1n2/4pk2/b1p3r1/P7/3P1P2/2P3P1/R1R3K1 w - - 0 38,-605
r1bk1bnr/pp3ppp/n1p5/2p1p3/8/PP4P1/3BPP1P/RN1QKBNR b KQ - 1 8,-638
3rk2r/6pB/8/1P1p2P1/7P/3KP2R/8/8 w - - 0 40,43
1rbqkbnr/p1pppppp/1p6/1B6/1P6/4P3/2PP1PPP/RNBQK1NR b KQk - 2 5,-362
7r/2k2pp1/p6n/7p/3RP2P/b7/P2PKPP1/6NR w - - 3 27,706
r1bqkb1r/ppppp2p/n5pn/5p2/8/N2QP1P1/PPPP1P1P/R1B1KBNR b KQkq - 1 6,74
8/8/p4n2/2Pp2k1/PP6/5P2/8/1K5R w - - 2 40,641
4r1B1/4k3/1p3np1/p1p2p2/P4P2/2P5/1BPK4/8 w - - 5 33,-501
rnbqk2r/pppp1p1p/6p1/2b1p3/8/1P3NP1/P1PPQ2P/RNBK1B1R b kq - 0 7,-122
5r2/3n4/1k3B2/p7/2Q2P1R/P4P2/2P2KP1/5B2 w - - 4 31,1060
r1bqkbr1/2p1p1p1/1p3p1p/p1p5/Pn6/NP3PP1/2PPP2P/1RBQKB1R w Kq - 2 12,123
rnbq2nr/1ppp1kNp/8/p7/5pP1/3P4/PPPKPP1P/RN1Q1B1R w - - 3 10,299
5R2/2k1p2p/1p6/6p1/4K3/4P3/1b3PP1/6N1 b - - 0 32,-420
n5r1/1k2b3/6pP/5q2/3P1P2/PP2p3/6P1/5KR1 w - - 0 36,-804
7r/6k1/p6p/3K1P2/5P1P/B1b5/P1P5/7R w - - 0 33,450
8/5k2/8/1P5K/8/1P2BB2/3P3P/4R3 w - - 2 39,855
8/N7/4pkP1/2p4p/P7/3P1P1P/2P1P1Q1/4K1R1 w - - 1 41,1124
r4bnr/Np4p1/3p1k1p/8/8/P4P2/1PpPN1PP/R1B1K2R w KQ - 0 18,469
rr3k2/4R3/P7/3p1p2/8/N3K2P/2P3b1/8 w - - 0 30,-401
3qk3/n3n3/8/2p1p1p1/4P1P1/5N2/3b2B1/3K4 b - - 1 33,835
r1bqkbnr/p3pppp/1ppp4/8/4P3/2NP1P2/PPQ2KPP/R1B2BNR w kq - 0 7,525
rnb1kbnr/pppp1ppp/4p3/6q1/8/7P/PPPPPPP1/RNBQKBR1 w Qkq - 1 5,-491
7k/1R6/8/2p1P3/5p2/3K1P1P/8/5BNR b - - 0 38,-792
rnb1kbnr/1pp2pp1/p3p2p/3p4/3P1Q2/1PN5/PBP1PPPP/R3KBNR b KQkq - 1 7,-591
2k2b1N/R7/3p4/4pP1K/2P5/1P6/5rPP/8 w - - 4 29,471
rnbqkbnr/pp1p1ppp/2p1p3/8/8/5N1P/PPPPPPP1/RNBQKB1R w KQkq - 0 3,22
5knr/4r3/4p2p/5p2/P2P1P1P/R3P3/1P1B1P2/4NK1R b - - 6 33,-732
rnbqkbnr/1ppp1ppp/p7/4p3/P5P1/4P3/1PPP1P1P/RNBQKBNR b KQkq - 0 3,174
7r/1ppk1p1p/7p/8/1b2P3/8/P1K1N1P1/8 b - - 5 28,688
rnbqkb1r/p1pppp1p/5np1/1p6/8/PP5P/2PPPPP1/RNBQKBNR w KQkq - 1 4,14
5b1k/3bp3/1p2p3/p3P1p1/2P5/Pp2K3/3N4/R1B3N1 b - - 1 34,-495
2k2n2/1Np1n3/3p1Bp1/4p3/4Q3/2pP3R/2P5/6K1 b - - 0 30,-653
1r2r3/N3p1k1/1p1p4/8/P2K1R2/2N4P/R7/8 w - - 2 39,5000
5knr/pb3p1p/4p3/1rP2p1P/5P2/BP2P3/P7/R2K2NR w - - 1 21,517
r1bqkb1r/pppppppp/n7/8/6n1/1P1P4/P1P1PP1P/RNBQKBNR w KQkq - 1 4,-174
8/2p2k1n/1p6/p5p1/P3P1P1/R1P5/1P3KN1/1N6 w - - 1 32,723
1rbk1b1r/1p1pnp2/5ppp/1Np5/2P5/Pp1B2P1/3P1P1P/R1BK2NR b - - 3 18,-302
rnb1kbnr/pppp1ppp/8/4p3/1P5q/7P/P1PPPPP1/RNBQKBNR w KQkq - 1 3,24
rnbqk1nr/1ppp1ppp/p3p3/8/8/3P2PB/PPPNPP1P/R1B1K1NR b KQkq - 1 5,563
4kb1r/B6p/2p3p1/8/5pP1/2PB4/P6P/R2K3R b k - 0 25,-730
rn1qkbnr/1b1ppppp/1p6/p1p5/7P/1P2PN2/P1PP1PP1/RNBQKB1R w KQkq - 0 5,40
r2k1b1r/pp6/1n1p1ppn/3P3p/8/N1P3PP/PP2P3/R5KR w - - 1 22,-606
rn1qkbnr/pb1ppp1p/1pp3p1/8/P2N2PP/8/1PPPPP2/RNBQKB1R b KQkq - 2 5,160
rnbqk1nr/pppppp1p/6pb/8/6P1/2P5/PP1PPP1P/RNBQKBNR w KQkq - 1 3,17
rnbqkbnr/p1ppp1p1/5p2/1p5p/7P/2P5/PPQPPPP1/RNB1KBNR w KQkq - 0 4,5000
1rbqkbnr/pppppppp/2n5/8/5P2/2P5/PP1PP1PP/RNBQKBNR w KQk - 1 3,130
8/3p4/8/p3k3/P1B3p1/2P1P3/5Rb1/4K1N1 b - - 0 38,-631
r1bb3r/p6p/3k2pn/2p2p2/8/1P4P1/P2P1P1P/RN1K1R2 w - - 0 18,-676
rnb1kbnr/pppqpppp/3p4/8/8/2N5/PPPPPPPP/1RBQKBNR w Kkq - 2 3,111
b1k2b2/3nn3/2p5/5pp1/1P6/p1PPKP2/8/8 b - - 1 32,1000
3k2r1/6p1/4p3/8/K7/1P3P2/P5P1/8 b - - 0 40,574
1nb1kbnr/r2pp1p1/p1p2p2/7p/1p2P2P/1N1P1P2/PPP1K3/R1BQ1BNR b k - 1 11,-718
rnbqkb1r/1ppppp1p/7n/p5B1/8/N2P2P1/PPP1PP1P/R2QKBNR b KQkq - 1 5,-226
5r2/pppb1p2/2n1p1p1/2Pk4/3P4/PP4P1/3K4/R1BN1N1R w - - 1 29,803
1nbqkbnr/1p1p1ppp/r7/p1p1p3/4P3/6PP/PPPP1PBR/RNBQK1N1 b Qk - 0 5,48
3qkb1r/r2bn3/2n1pp2/2p4p/5P1P/8/2PRK1P1/2B3N1 b - - 5 24,1179
8/8/5k1P/8/1p3p2/7p/R2KPP2/8 w - - 0 35,577
rnb1r3/2p1kppp/4p3/pp1p2P1/3P1P1P/8/PPP2N1R/1RQK1B2 b - - 1 17,-774
rnbqkbnr/p1ppp2p/6p1/2P2p2/p7/P4NP1/1P1PPP1P/RNB1KB1R b KQkq - 1 6,627
6n1/2p1kp2/6p1/1p6/3P1K2/P7/4pP2/1N6 b - - 0 35,818
5b2/6pk/1p2R3/2r5/P7/N3P3/1B2K1P1/8 b - - 1 37,-441
1n5B/k2b4/1pp1p2p/3p3r/8/3PP2P/2B3PR/4K1N1 w - - 2 34,610
rnbqkbr1/pppppppp/7n/8/8/4P2N/PPPP1PPP/RNBQKB1R w KQq - 3 3,95
3N2nb/2p1k2r/5pp1/p7/4P1P1/3R2P1/1PP1K3/8 w - - 7 35,-70
1kr2bn1/pp5r/3P1p1p/7P/qPN1P3/5P2/P6P/R3K1NR w - - 0 22,-636
rn1q1b1r/pp1bn2p/2pp4/6k1/1P6/2PBP3/PB1P2PP/RN1K3R b - - 2 14,591
6n1/6k1/4p3/1P6/6N1/4p3/4K1P1/2r5 b - - 4 39,446
2b3nr/3n3p/6k1/2p1p1p1/2P1P1P1/p2P3P/7K/5R2 b - - 1 27,806
5k1r/ppr3pp/8/P1p2p2/7P/1P2P3/3K2P1/R1B2BR1 w - - 1 25,657
r1bqkbr1/1ppppppp/8/p3nP2/P7/8/1PPPN1PP/RNBQKB1R w KQq - 3 7,493
8/8/6kp/2r5/8/4KP1p/R6P/3NR3 w - - 3 41,569
6n1/2p1kbpr/8/4K1p1/P3P3/5P2/8/8 w - - 0 41,-792
rnbqkbr1/1ppp1pp1/8/p3p2p/2PN2n1/8/PP1PPPPP/RNBQKB1R w KQq - 0 7,-14
rnbqkbnr/ppp1pp1p/8/3p2B1/3P4/2P5/PP2PPPP/RN1QKBNR b KQkq - 0 3,-246
r1bqkb1r/ppppp3/n4ppp/3P1n2/2N1P3/1P6/P1P1KPPP/R1BQ1BNR b kq - 1 7,-156
8/2k1b1p1/1p1p1N2/p5n1/P7/4PP2/1PP4R/R1B1K3 w - - 3 25,680
rnn1r3/1p3k2/p7/2RP2pp/P7/5P2/8/5K2 b - - 2 37,774
2b1kbnr/2p1p1p1/2P5/5p1p/3p3P/P4P1P/RB1PP3/1N2KB1R b Kk - 0 17,-511
rnbqkbnr/pppppppp/8/8/4PP2/NP5N/P1PP2PP/R1BQKB1R b KQkq - 0 5,-17
r1bqkb1r/pppppppp/n7/3n4/6P1/5N1B/PPPPPP1P/RNBQK2R w KQkq - 5 4,-11
1n3k2/5p1p/3p4/8/bP6/N7/P4P2/1R4KR b - - 2 33,-605
2rqk2r/ppp3p1/4P3/5p2/5P2/4P2N/P1K4n/bN2R3 w - - 1 27,-787
rnbqkb1r/pppppppp/8/7n/1P5P/8/P1PPPPP1/RNBQKBNR w KQkq - 1 3,52
r1bqkbnr/pppp1ppp/n7/4P3/8/7P/PPP1PPP1/RNBQKBNR b KQkq - 0 3,-198
r1bq1b1r/pp1ppkp1/n1p2n2/7p/8/N1P1PN2/PP1P1PPP/R1B1KB1R b KQ - 0 6,704
r1k4r/3n1p2/p5pp/P3p3/4P1P1/1N4Kn/4N2P/1R6 b - - 4 33,483
3k2n1/p7/4p3/8/8/4P1KN/5R2/1n3B2 w - - 1 35,580
rn5r/p3k3/1np3pN/8/8/8/PPP3PP/RN1K1B1R w - - 0 20,546
rnb1kbnr/pp2pppp/2p4q/3pP3/8/5PK1/PPPP2PP/RNBQ1BNR w kq - 1 6,2
1nbqk1nr/rppp3p/5p2/4p1p1/6P1/7P/1PPPPP2/1NBQKBNR w Kk - 0 6,-220
r1b4r/pp5p/1b1p1k2/8/P1PnPPq1/8/1P1K2B1/1RB5 w - - 0 25,-919
rnbqkb1r/1ppppppp/5n2/p7/8/P6P/1PPPPPP1/RNBQKBNR w KQkq - 0 3,14
2N4n/1Q6/8/3p1k2/8/P1pPp3/8/2R2K2 b - - 2 34,-738
rnbqkb1r/1ppppp1p/p4n2/6B1/3P4/8/PPP1PPPP/RN1QKBNR b KQkq - 0 4,-101
8/1kp5/p3p1rp/8/2P1R2P/7N/PK2P3/5B1n b - - 3 34,-348
2r1k3/2p4p/5R2/2PK4/1P6/4P1n1/4B1P1/2B1R3 w - - 2 37,841
8/1k1p3p/p4B2/5p2/8/1N4PP/4RP2/3K4 b - - 4 34,-806
1k6/4pp2/7R/2p5/P3P3/4P1KP/8/5r2 b - - 4 34,22
1nb1k1nr/1pp4p/2p3p1/5p2/1P3p2/8/RP1PP2P/1NB2RK1 b k - 0 11,-36
1n6/4n1k1/2p5/1pP5/4P3/rp2K3/7r/8 w - - 2 41,-1037
1r4nr/pp4bp/n1k5/2p1p1B1/P2p3P/3P4/1P2KPP1/1R2R3 b - - 2 28,758
rnbqkb2/pppppp2/5n2/6pr/8/2P4P/PP1PPP2/RNBQKBNR w KQq - 0 5,-23
6n1/3k4/8/6p1/p3p3/p1P3P1/4K2R/8 b - - 0 38,27
rnb1kb2/p4pq1/8/1pp2n2/3p3r/P2K1P2/RPPN2PP/2BQ1B1R w q - 1 15,-657
4k1nr/4ppbp/8/ppn3P1/8/1PP3P1/4PP2/1R1K1BR1 w - - 1 28,-28
6k1/R7/2p3p1/P1P5/6K1/8/3N1P2/8 b - - 2 38,-832
rnq3nr/5k1p/p1b3p1/Bp1p4/6P1/P6P/2PN1P1R/b4K2 w - - 0 23,-864
r1bqkbnr/ppp1pppp/n2p4/8/5P2/4P1P1/PPPP3P/RNBQKBNR b KQkq - 0 3,50
rn6/1k3p2/bP1p4/p2P4/7B/8/P2K4/2R5 w - - 0 41,270
2k5/5p2/5P2/3p3P/3P3P/1r1P4/8/4N2K w - - 3 41,34
1n3b1r/3k1ppp/1p6/3b1P2/5PP1/4P2P/P2K4/R1Q2BN1 w - - 0 23,684
rnbqkbnr/ppp1p2p/8/3p1p2/8/7N/PPPPPPPP/RNBQKB1R w KQkq - 0 4,208
rnbqkbnr/1p1pppp1/p1p5/2Q4p/8/2P5/PP1PPPPP/RNB1KBNR b KQkq - 1 4,190
rn1qkb2/p1pppp1r/B5p1/8/4Pn1P/8/PPPP1PP1/RNB1K1NR w KQq - 1 8,-318
3k2K1/4pR1p/8/3NP3/pP6/B1Pp2P1/2bP3P/8 b - - 0 36,-667
r4bn1/p3k3/3p4/2p2B1p/5PpP/2N5/p4KP1/R1B3N1 b - - 0 28,-416
1nr4r/2p4p/2k3pb/p7/N3Pp1P/RP6/6P1/2B2K1R b - - 5 29,98
6k1/2n5/7p/5p1P/2PQ1p2/1N6/1P6/3K4 b - - 3 36,-775
r1bB1kn1/pp1p4/n3p3/2p3P1/4N3/8/PP2P1PK/R4BNR b - - 0 20,-616
1rb4r/1p2kp2/1P5p/4b3/1p4PP/3B3R/R5K1/2b3N1 w - - 0 35,-434
rn1k4/3pp3/1p4pp/pP6/P4P2/2P3nP/3NP3/R3KB2 w Q - 1 23,145
R7/2p5/7n/8/4b3/7p/1kn5/6K1 w - - 2 40,-330
r1k3n1/p1p5/3p4/5p2/P1n5/7N/R4PK1/1N6 w - - 0 28,-326
r7/pbpn2B1/kp1p4/5P1P/3P4/PP5P/R1P5/1N1K1R2 b - - 0 26,-669
4r1nr/p1pp1p2/4k3/6pp/P2P4/2BK4/8/1B2N3 b - - 0 31,731
r1bqkb1r/pppppppp/n6n/2P5/8/8/PP1PPPPP/RNBQKBNR w KQkq - 1 3,69
5b1r/4p1k1/2R1B1P1/4P2p/8/2P5/2R5/1b2K1N1 w - - 3 32,554
r5n1/2pk1pp1/8/p7/5P2/P1p3P1/P7/5KNR b - - 0 27,299
rnbqkbnr/ppppp2p/6p1/5p2/3P4/1P6/P1PBPPPP/RN1QKBNR b KQkq - 0 3,19
r1bk1b2/p2p4/2n3p1/2p1p3/p5n1/N2P3R/1PP1P1P1/R2QKBN1 w Q - 0 17,618
r1bqkbnr/1p1ppppp/8/p2P4/1p6/7N/PPP1PPPP/RNB1KB1R w kq - 0 8,-523
r1b1kb1r/ppp1pp1p/7n/3P4/R3Pp2/8/1P1P2PP/1NBK1BNR b kq - 0 9,-315
2k3nr/6pp/4p3/pn6/4PP1p/7N/1bK5/3R4 b - - 0 36,631
r4b2/2p2P2/p1k5/4pP2/2P5/P2K2P1/8/1R6 w - - 5 37,84
3r4/p2k4/6P1/2p5/P3p3/2B1p3/4B1K1/1NN5 w - - 1 41,720
rnbqkbnr/pppp1pp1/7p/4p3/8/3P2PP/PPP1PP2/RNBQKBNR b KQkq - 0 3,49
rnbqk1nr/2pp1pp1/pp2p2p/8/5P2/R5P1/1PPPP2P/1NBQKBNR b Kkq - 0 6,-430
8/4k2r/np2p3/8/b1P5/3p4/PP4K1/R1B5 b - - 1 37,551
2bk1n2/rp6/p2r4/2p1pp1p/7P/5B2/P5KR/8 b - - 9 38,924
rnbq1b1r/p1ppkppp/5n2/1N2p3/1P5P/6P1/P1PPPP2/R1BQKBNR b KQ - 0 5,-30
1nbqkbnr/1p1ppppp/r7/p1p5/8/5NPP/PPPPPP2/RNBQKBR1 b Qk - 0 4,32
7r/3k3p/P4n1b/5Pp1/2p1p3/B3P2P/3PQ3/5KNR b - - 1 37,-690
r1b1k1nQ/1ppp1p2/p7/8/2P1P3/P6P/R2K1P2/1N3B1R b q - 0 17,-981
rn1qkb1r/1bpppp1p/p5p1/5n2/1P6/BP1P3N/4PPPP/RN2KBR1 w Qkq - 1 9,-706
rnbqkbnr/p2ppppp/1pp5/8/4P2P/P7/1PPP1PP1/RNBQKBNR b KQkq - 0 3,-64
r1b2b1r/2pk1ppp/pp6/4n3/4P2B/6P1/PPPNPP1P/R1Q2RK1 b - - 0 15,-674
r1b1k3/pp3r2/n6B/2p1p1K1/8/PPPpP3/1Q6/8 b - - 2 32,447
5bkr/5n2/5P1p/8/p1pP4/P4P2/8/1K6 w - - 0 39,-739
r1bqkbnr/ppppp1pp/2n5/5p2/1P6/7P/P1PPPPP1/RNBQKBNR w KQkq - 0 3,58
1n6/r2k4/ppp4B/3p4/8/PPP2b2/R7/4QK2 w - - 0 41,708
rn1q1bnr/p1pkp1pp/3p1p2/8/2b3PP/Pp2P3/1P1P1P2/RNB1K1NR w KQ - 0 9,-893
4R3/8/3k4/p4B2/PR6/3K4/4P1rP/8 w - - 4 40,724
r1bqkb1r/p1pp1p1p/n3p1pn/1p6/4P3/1P1P3P/P1PK1PP1/RNBQ1BNR w kq - 0 6,13
2r1k1nr/3b4/2p4p/Pp1pP3/3P4/PPQ1P3/R4K1P/1NB2B2 b k - 1 26,-621
1r3b1r/2qp3p/6kn/3B1p2/1p1P4/N5P1/2P1PP1P/4K1N1 w - - 0 19,-753
r1b2b1r/p1k1p1pp/1p3p2/1Bp5/8/PQ4N1/1P1K2PP/1RB3NR b - - 1 19,-759
6k1/N2b4/8/4P3/7p/1P2P1n1/3K1R2/8 b - - 4 40,5
5k2/5p1p/1p2p3/8/4n3/8/2K1B1P1/RN4N1 b - - 1 32,-669
rnbqkbnr/pppp1p1p/6p1/8/P3p3/2P1P3/1P1P1PPP/RNBQKBNR w KQkq - 0 4,13
6n1/4pk1r/7B/2P4P/2P5/5bP1/P4P2/R3K3 w - - 1 31,-64
7r/4bk1r/8/2P5/1P1p4/P7/6KP/7R w - - 1 39,-536
1nb2knr/2r1p1b1/2p3p1/pp1q1p1p/5P1P/P2P1NPR/1PPKP3/R1BQ1B2 w - - 2 13,-335
rnb1k1nr/p1q5/4pppp/3p4/2p2PP1/P4N1P/3PP2R/RNB1KB2 w Qkq - 0 13,-633
2R5/2p3bn/n2k1p2/P6K/P7/8/6PP/7N b - - 8 38,-327
rnbq1bnr/pp1ppkpp/2p5/5p2/8/PP4P1/2PPPP1P/RNBQKBNR w KQ - 1 4,88
1r1qkb1r/p3pppp/2p4n/3p4/N2P4/4P2P/1PP1KP2/2B2R2 w k - 1 15,-778
r2qkbnr/ppp1pppp/n7/3p4/P5B1/8/1PPPPP1P/RNBQK1NR b KQkq - 0 4,-264
r1bqkbnr/pppppppp/8/4n3/8/2N3PP/PPPPPP2/R1BQKBNR b KQkq - 2 3,-63
2r5/1p2p2p/2kp4/p7/2P2p1P/7b/1P2P2K/1N6 b - - 0 25,772
rnbqkbnr/1ppppppp/p7/8/1P5P/P7/2PPPPP1/RNBQKBNR w KQkq - 1 4,65
rnbqkbnr/1pppppp1/7p/p7/8/P3P3/1PPP1PPP/RNBQKBNR w KQkq - 0 3,47
1n5r/3p3p/1b4pP/8/3kP1K1/1r6/8/8 w - - 5 36,-985
rnbqkbnr/pp1ppppp/8/2p5/8/4P2P/PPPP1PP1/RNBQKBNR w KQkq - 0 3,23
rnbqkb1r/pppppppp/8/8/6n1/1P6/P1PPPP1P/RNBQKBNR w KQkq - 0 3,-137
4R3/r1p5/4pk2/p6p/P4p2/1Pp2P1P/R5K1/3N4 b - - 1 31,-511
r4q1r/3n2bp/ppppb3/3kp3/5P1P/PP6/2PP1KP1/1RBQ2NR w - - 3 19,248
1nbqkbnr/rppppppp/p7/8/5P2/7P/PPPPPKP1/RNBQ1BNR b k - 2 3,40
3rkrn1/2p3pp/1p2pp2/3p3P/3P1K2/P1P1P1N1/P1R5/2B3Q1 b - - 0 26,-475
r1b3k1/3pp3/p1n4b/1r6/5N2/1P1P4/3KBPPP/4R2R w - - 2 27,-470
5b1r/2k5/4rp2/2pnn2p/p7/N4PPN/1RP1P2P/4KBR1 w - - 11 30,9
2k5/8/8/B1P2p2/3Pp2P/2P5/5PPR/1R1K2N1 b - - 0 35,-866
1n4B1/1r6/6pk/2p5/8/4KP2/2q1N2P/7R w - - 1 37,-567
rnbqkbnr/p1ppp1pp/1p3p2/8/7P/2P5/PP1PPPP1/RNBQKBNR w KQkq - 0 3,50
rnbk2nr/1ppp1pp1/p6p/4p3/1P2P3/3P1PPN/PP5P/RN1QKB1R w KQ - 2 12,757
rnb1k1n1/2p2p2/pp2p3/3p4/3P3R/4P3/PPPQ2P1/RNB1KB2 b Qq - 0 12,-823
3k4/1R1p4/n5p1/1NpPp3/4P2R/P7/4K3/8 b - - 1 33,-741
rnbq1k1r/pppp1Bpp/3b3n/8/4P3/8/PPPP1PPP/RNBQK1NR w KQ - 1 5,463
1nbqkbnr/2pppppp/rp6/p7/2P2P2/7N/PP1PP1PP/RNBQKB1R w KQk - 0 4,163
2bb4/r4r2/1p6/3n2p1/8/p5PP/P5k1/2K5 w - - 0 41,-1125
2r2bnr/p1qk3p/B2ppp2/8/5B2/1Pp2N1P/P1P2K2/6RR b - - 2 22,663
rnbqkbnr/1ppppp2/8/p5pp/P7/1RN5/1PPPPPPP/2BQKBNR b Kkq - 1 4,-78
rnbqkbnr/ppppppp1/8/8/6Pp/P7/1PPPPP1P/RNBQKBNR w KQkq - 0 3,85
1nbq4/r1ppk1b1/p4p2/8/P2p4/1PN4P/2P2PPR/R1B4K w - - 0 21,-550
rnbqkbnr/pp1ppp2/2p3pp/8/2PP4/1P4P1/P2NPP1P/R1BQKBNR w KQkq - 2 6,89
rnbr4/ppp4p/3k2pn/1Pbpp3/7P/4P3/P1PP1PP1/RNB1KBNR w KQ - 1 10,244
r4b2/p1p2p1r/b3k1p1/1p4P1/1Pp4P/4P3/P2PNK2/RNB2R2 w - - 4 22,370
rnbqkbnr/p1pppppp/8/1p6/1P6/2P2N2/P2PPPPP/RNBQKB1R b KQkq - 0 3,-30
5B2/7r/1pk1p1p1/4P3/4n2p/1P6/P7/4K3 b - - 5 40,714
r5nr/pppN3p/4p1k1/5pp1/8/1P4P1/PbPPPP1P/R3KB1R w KQ - 1 14,224
r1bqkb1r/p2pp1p1/np3p1n/2p4p/P4P1P/2NP4/1PPQP1P1/R1B1KBNR w KQkq - 0 7,-30
7r/pk3r1p/6p1/B2p1p2/3P3K/N1N2PPP/P7/R2R4 b - - 1 34,-517
r1bqk1nr/p1pp1p1p/p7/4p1p1/4P1P1/b7/P1PPNP1P/R2QKR2 w Qkq - 0 10,-632
rn6/2kb1p2/p2p1n1r/p7/8/2Pp1P2/K5P1/8 b - - 1 39,1106
4kb1r/5pp1/p1p1pq1p/3p4/P4P1P/3P1P2/4K3/R3BB1R w - - 2 24,-437
r2q1br1/p4kpp/3p4/1pn2p2/6NP/3P1P2/PP1NPP2/R3KB1R w KQ - 4 16,-579
rnbqkbnr/ppppp1p1/7p/8/4p3/8/PPPPPPPP/R1BQKBNR w Kkq - 0 5,-506
4r1n1/p7/2p4k/p4P2/2P1P3/1PN1r3/1B2B3/3K4 w - - 3 37,506
3k4/7r/4p3/p3N1Kb/pb1P3p/2p5/2P3PP/4R3 b - - 0 40,629
b2k4/r7/2n1p1p1/p7/Pb6/1P4N1/2P1PP2/2RK2N1 b - - 8 31,5000
r1bqkbnr/p3p2p/2pp1pp1/8/2P1P2P/5P2/PP1P1P2/RNB1KB1R w KQkq - 0 9,-696
1r3b1r/3Bp1pp/pp5k/8/P1K1PP2/1P4P1/1q5P/7R w - - 1 33,-626
r1k3nr/p3p3/7p/4p1p1/1nP3P1/P3PP1P/1B6/1N3K2 b - - 1 25,674
8/1pp5/p7/2Pp4/1P1B1k1p/3P4/P3K3/8 b - - 0 40,-172
4k2B/8/6P1/2PB2P1/p2R4/2P2P1N/6P1/1N3K2 b - - 4 34,-1059
8/5kNp/1B6/1R1p4/p2P4/8/4K2P/5BR1 b - - 1 37,-825
8/2p3k1/p7/8/3p1P2/3P4/P1P5/4K3 w - - 0 38,261
1r5r/1pNk2p1/8/3P1n1p/4pb2/8/PPP2PK1/2R2R2 w - - 0 28,-516
4k3/4b3/2p2p1p/p4p2/3P4/7P/8/n3B1K1 b - - 2 34,673
1n6/7r/3k1K1p/2p1p3/2q5/6P1/3p4/r7 b - - 1 39,5000
4r3/2pp3p/2b1k3/p7/6PP/8/1b3K2/2n5 b - - 0 40,918
6n1/B6r/p5kP/6b1/3R4/1P2P3/4r1PK/5R2 w - - 4 37,-5
1nb2k1r/rp5p/2n3p1/p5P1/8/1PK3P1/PR2P2P/5B1R b - - 6 24,583
4k1nB/p3pp2/np4p1/2p5/4N2p/1P2QP1b/PRP2K2/6N1 b - - 0 21,-663
2rq1b2/1K3k2/3p1n2/4p1pr/Pp6/R7/3P4/1N1R4 w - - 6 36,-1152
8/4p3/4k2b/1p4pp/1P6/1P3K2/7P/4r3 b - - 0 35,790
r3kbnr/pppn2pp/3ppp2/8/4P3/N4Q1N/PPPP1P1P/R1B1K2R b KQkq - 3 8,-621
4kb2/5p2/1N2p3/6P1/8/1PBNP2r/1P3K2/8 w - - 0 39,476
rnbqk1nr/pppp2pp/3bpp2/8/1P6/4P3/P1PP1PPP/RNBQKBNR w KQkq - 1 4,62
3n1bn1/pk2pppr/bp5p/8/PP3P2/8/2PBPKPP/5RNR w - - 1 15,206
8/1p5n/n1p4p/5p2/1PP2P1k/3P4/8/4K2b w - - 1 35,-733
rnb1kbnr/pp1ppppp/2p5/8/8/1P4PN/P1PPPP1P/qNBQKBR1 w kq - 0 5,-421
r1b1kb1r/pp3p1p/2n1p1pn/2q1p3/1pP4P/2N1P2N/P2P1PP1/R1B1KB1R w KQkq - 0 10,-665
r1bqk2r/p1pp4/1p2npp1/4p3/P3P1Pp/NP1P4/4NKPP/R2Q1B1R w - - 2 16,177
rnbqkbnr/p1ppp1p1/1p3p2/7p/1P5P/2PP4/P3PPP1/RNBQKBNR b KQkq - 0 4,-45
2b1Bbr1/p1p1n1kp/8/P1P3p1/4P3/2K1P3/2P2P1P/RNq5 w - - 2 28,-654
r1bqkbnB/p1pppp2/7p/1p4p1/6P1/1P1P4/P2P1P1P/RN1QKBNR b KQq - 0 7,-406
1r4n1/n1pkbQ2/3p4/1p1pr3/8/1P1P1P2/P1P2PP1/R2K1B2 b - - 2 20,16
r2k2b1/2p5/3p4/pp6/4P1K1/3P2P1/PP6/RNB2B2 w - - 0 31,656
r1bk1bnr/pp1ppppp/n1p5/8/3P4/5P2/PBP1P1PP/RN1QKBNR w KQ - 1 6,712
r2qkbnr/pbpppp2/n6p/6p1/8/1N4P1/PPPPPP1P/R1BQKBNR w KQkq - 4 6,95
1n6/8/6k1/2P5/r6p/5P1P/2P2B2/3QK2R b - - 4 39,-685
r1bqkbnr/ppppp1p1/2n5/5p1p/8/3P3P/PPP1PPP1/RNBQKBNR b kq - 3 4,57
5r2/1B2pp2/4b2k/6p1/r6p/5P2/1n3KPP/6NR b - - 1 36,753
2b5/r4k1r/5n1p/pp2p3/5p2/1PPP4/PB2PPB1/RN1K4 w - - 6 26,-41
r1bqkbnr/pp1pp1pp/n7/2p2p2/2P5/1P4PN/P2PPP1P/RNBQKB1R b KQkq - 0 4,-84
rnbqkbnr/pp1pp1pp/8/2p2p2/8/2NP4/PPP1PPPP/1RBQKBNR b Kkq - 1 3,53
rnbqkbnr/ppp1p1pp/5p2/3p4/5P2/N3P3/PPPP2PP/R1BQKBNR b KQkq - 0 3,71
r1b1k3/ppppqp2/8/8/P7/2PP1P2/1P1Q1PP1/RN4K1 b q - 0 14,-242
r5nr/2p3p1/1pn3k1/p5p1/P4p2/5K2/RP1bP2P/5BNR w - - 0 21,-497
2r4r/6k1/1p2bp1p/3pp3/7P/1PP1PPP1/2P5/4K1RB w - - 0 25,-474
1rbqkbnr/p1pppp2/np6/5PPp/8/N3P3/PPPP2P1/R1BQKBNR b KQk - 0 7,-281
rnbqkb1r/1ppppppp/7n/p7/8/P3P1P1/1PPPNP1P/RNBQKB1R w KQkq - 3 5,101
8/5k2/r1p5/2N1Pp2/8/4B3/3K1N2/8 b - - 5 38,-386
8/R3p3/2k3p1/4P3/5K1P/6r1/4N3/8 b - - 10 39,-367
8/6k1/3P3n/2p3p1/p4p2/P7/b5K1/8 b - - 1 38,803
r1b4B/3k4/8/pN6/P4P1p/2P1P2P/3K4/5R2 b - - 0 34,-486
1nbq1bnr/r1pppkp1/1p3p1p/p7/3N1P2/6P1/PPPPP1BP/R1BQK1NR w KQ - 0 7,226
2B2b2/5k2/8/pR6/P1PP4/8/7r/3K4 b - - 2 38,-96
r1bqk2r/1ppppp1p/5n1P/p7/1n6/N2P2P1/PPP1PP2/R1Q1KBNR w KQk - 1 10,252
4kb1r/2p1pp1p/6p1/3p1nP1/8/4P2P/PPK2P2/RNB3NR w - - 0 18,723
rnbqkbnr/3pppp1/1pp5/pN5p/8/5PP1/PPPPP2P/R1BQKBNR w KQkq - 0 5,-57
4r3/4k3/6p1/2P4p/4bP2/7P/P4KP1/1R3BBR w - - 0 33,687
r1b1k1nr/pp1p1p1p/2p5/4p1pP/8/N5PN/P2BPP2/R2QKBR1 b Qkq - 0 11,-888
k7/8/2np1ppb/8/P5p1/3P4/4R1K1/6N1 w - - 2 35,191
3kr3/7n/1p6/2p4P/5Q2/8/6K1/2B5 b - - 2 38,-492
r3k2r/ppp2ppp/8/4p3/3p4/B2PqP1P/P3P1BR/RN1QK1N1 w Qkq - 0 14,458
r4r1k/2pp1ppp/1p6/p3p3/P7/KP1P1PPN/4P2n/1R3B1b w - - 1 25,-653
rnbq2nr/ppppkppp/8/4p3/8/3PP3/PPPNBPPP/R2QK1NR b KQ - 0 5,-45
rn2k1nr/2q1p1bp/1p1p1p2/p7/8/1PP2P1B/P2P3P/R1BQK3 w Qkq - 1 13,-427
rnbqkbnr/p1ppppp1/8/1p5p/1P3P2/7P/P1PPP1P1/RNBQKBNR b KQkq - 0 3,155
r1b1k1nr/p1pp1pp1/2n5/Ppb1p2p/7q/R1P4P/1PQPPPP1/1NB1KBNR w Kkq - 1 8,-119
6nr/1r5p/7b/5p2/1P3P2/QKP3k1/3NB3/RN6 w - - 0 35,841
rn1qkrn1/p2ppp1p/8/2p3p1/p3P3/P1PP1PPP/1BP1Q2R/RN2K1N1 b Qq - 1 13,-622
r1bq1bnr/ppppkppp/n7/4p3/8/P4P2/RPPPP1PP/1NBQKBNR w K - 1 4,35
1rb1k1n1/p1pp1pp1/1p6/3Pp2N/P1P5/1P1P3P/5PBP/4K2R b - - 0 18,0
rnbqkb1r/p2pp1np/6p1/1pp2p2/7P/3P2P1/PPPBPP2/RN1QKBNR w KQkq - 0 8,86
rnbqkbnr/pp1p1ppp/4p3/2p5/2P3P1/8/PP1PPP1P/RNBQKBNR w KQkq - 0 3,-73
7r/8/1P1k1np1/4p2p/7P/3p4/6K1/1N6 w - - 1 40,-639
rnbqkbnr/p2ppppp/2p5/1p6/8/1PN3P1/P1PPPP1P/R1BQKBNR b KQkq - 1 3,22
rnb1kbnr/pp1ppppp/2p5/8/8/P2P4/1PQBPPPP/R3KBNR b KQkq - 0 5,-570
rn2kbnr/ppp2ppp/4b3/8/P3N3/8/1PP1PPPP/q1B1KBNR w K - 0 11,-856
r1k1b3/8/p4n2/3p4/5P1p/3P4/PPP3PP/R3KB1R w - - 0 28,633
rnb1kbnr/pp1p1ppp/2p5/4p3/8/2N3P1/PPPPPK1P/R1BQ1BNR b kq - 0 5,-582
rnbqkbnr/pp1pppp1/8/2p5/5PPp/N6P/PPPPP3/R1BQKBNR b KQkq - 1 4,8
r1b2b1r/1p3kpp/n2pppn1/p1p5/8/P1P2PPN/R1QPPK1P/1NB2BR1 b - - 0 13,-701
r1b1kbnr/3ppppp/1p6/p7/3P4/4P1PB/PP1B1K2/RN4N1 b kq - 0 12,480
1n4k1/3b4/pp2q3/8/3P3r/N2K4/8/2B5 w - - 7 39,-814
4k2r/K6p/5p2/2B1n2p/1R2p3/8/P2P4/8 b - - 1 34,551
5B1k/8/8/8/2p3PP/2N5/2B5/3K1R2 b - - 4 39,-864
r2k4/p1p3b1/P2p1np1/7r/4P3/1P6/P2PP2P/RNBQ1KNR w - - 1 16,668
rnb2kn1/pppp2pr/4p3/5p1p/P2P1P2/6P1/RPPNP2P/3QKBNR w - - 3 10,835
rnbqkbnr/1pp1ppp1/p2p4/7p/7P/8/PPPPPPP1/RNBQKBNR b KQkq - 0 4,108
rn3bn1/pp1b1k2/4pp2/2p5/2P4p/5B1K/PP1P3P/RNB3NR b - - 1 15,-306
r1bqkbnr/1ppnppp1/p7/3p3p/5P2/N1P5/PP1PP1PP/1RBQKBNR w Kkq - 4 7,-103
3n4/1p2p3/1P1k4/5QP1/4P3/6pP/b5P1/5K1R w - - 1 28,757
bn1k4/3p1p1N/8/1p3N2/7P/PP6/1RPK4/2B2R2 b - - 4 34,-882
rnbqkbnr/p1pppp2/1p4pp/8/5P2/3P4/PPPNP1PP/1RBQKBNR b Kkq - 0 4,1
1r1q1k2/4p2n/7p/3p3P/6P1/N1P2P1N/P3B3/4K1R1 w - - 2 30,-383
r6k/1pp4r/7p/p3P3/P1B1P1bb/NP6/1B1P4/R4KN1 b - - 4 26,-28
3kn2r/4p3/N2p3p/5p2/2B5/4PP1P/3K1R2/8 b - - 0 32,-407
2r2k1r/3n1p1p/4p2n/R6P/8/3p1PPN/3P1K2/1N5R w - - 0 22,153
bn3kn1/8/r1p2p2/p1P5/6P1/3K4/P6P/1R4NR b - - 2 35,141
2k5/5p2/r1pP3b/5Pp1/p5P1/1pNP4/5K2/6N1 b - - 2 30,606
r1bk1bn1/p1p1ppp1/1p6/3p4/nP1P3P/P5P1/R1PBP3/1N1QKBNR b K - 0 11,-780
r1bqkbnr/p1pppp1p/1p6/8/1nP2PpP/8/P2PP1P1/RNBQKBNR w KQkq - 0 6,-104
2r2bnr/1b1ppk1p/1q3p2/p5pP/4n1P1/1PP5/P2PPP2/RNBQ1KNR w - - 5 12,-481
r1bqkb1r/2ppp3/1pn5/p4P2/3P4/5N2/PPP1PP2/RNBQKB2 w Qkq - 1 9,323
r3q2r/4n2p/3p4/1p2k2b/1R6/8/1K5P/8 b - - 0 29,992
rnbqk2r/2pp3p/pp2p2B/5p2/P7/4PNP1/R1PP1P1P/1N1QKB1R b Kkq - 0 8,-563
5k2/p3ppr1/7p/1B6/1P3P2/N2PP2p/P1P4P/R3K3 w - - 0 26,639
N1b4r/1p1n4/p2kp1p1/5pP1/5P2/PP3K2/1RP3Pb/2B5 w - - 5 26,-350
rnbqkbnr/ppp1p1p1/3p1p2/7p/1P6/5P1N/P1PPP1PP/RNBQKB1R w KQkq - 0 4,14
4k2r/6p1/7p/2p2p1P/R1P2n2/2P5/3K2b1/1N6 w - - 3 41,-427
5k2/2p5/1p5P/4P3/8/5P2/b4K1P/5B2 b - - 0 35,-334
6r1/2NB3k/6p1/3p4/8/1p3P1P/4P3/1n2KR2 b - - 2 36,-178
r1bnkb1r/p1p1p1p1/7p/1P5n/4P3/NP6/P2KNPPP/R1B4R b - - 0 14,308
r1bqkb1r/ppp1pppp/2np3n/8/Q1P5/1P1P4/P3PPPP/RNB1KBNR b KQkq - 0 4,122
1Bb5/3p2k1/8/6P1/P2p4/1P3P2/5NKP/8 w - - 1 38,795
r1b1kb1r/p1pp1p1p/3p3n/6q1/1n6/8/P1PPPPPP/R1BQKB1R w KQkq - 0 8,-471
r7/p2p1p2/k6P/6p1/3NP1P1/1K1P4/2P5/1Q4Br w - - 0 33,669
